Term,Section,Title,Instructor,Overall Quality of Course (0=worst 4=best),Overall Quality of Instructor (0=worst 4=best),Instructor Ability to Communicate Subject Matter (0=worst 4=best),Instructor Ability to Stimulate Student Interest (0=worst 4=best),Instructor Accessibility/Willingness to Discuss Course Content/Problems (0=worst 4=best),Value of Assigned Readings (0=worst 4=best),Learned from this Course in terms of Knowledge/Concepts/Skills/Thinking Ability (0=worst 4=best),Rate the Difficulty of this Course (0=easiest 4=hardest),Rate the Amount of Work Required for this Course (0=easiest 4=hardest),Would you Recommend this Course to a Major? (4=most strongly),Would you Recommend this Course to a Non-Major? (4=most strongly)
2019A,ACCT101001,ACCT & FINANCIAL REPORT,"ZHOU,FRANK",2.86,3.38,3.15,3.00,3.33,2.63,3.14,3.13,2.44,2.97,2.44
2019A,ACCT101002,ACCT & FINANCIAL REPORT,"ZHOU,FRANK",2.97,3.40,3.15,3.00,3.37,2.26,2.96,3.23,2.29,3.00,2.38
2019A,ACCT101003,ACCT & FINANCIAL REPORT,"ZHOU,FRANK",2.93,3.37,3.17,2.91,3.31,2.53,3.04,3.09,2.33,3.13,2.35
2019A,ACCT102001,STRATEGIC COST ANALYSIS,"ITTNER,CHRISTOPHER D",2.23,2.82,2.95,2.36,3.07,1.88,2.53,2.84,1.91,2.04,1.22
2019A,ACCT102002,STRATEGIC COST ANALYSIS,"BLOOMFIELD,MATTHEW J.",1.69,2.67,2.62,2.00,2.96,1.32,1.96,3.52,2.14,1.32,0.45
2019A,ACCT102003,STRATEGIC COST ANALYSIS,"BLOOMFIELD,MATTHEW J.",2.04,2.78,2.52,1.70,2.89,1.56,1.93,3.04,1.85,1.74,0.67
2019A,ACCT102004,STRATEGIC COST ANALYSIS,"BLOOMFIELD,MATTHEW J.",2.13,2.83,3.00,1.90,3.40,1.70,2.20,3.00,2.30,1.90,1.30
2019A,ACCT102005,STRATEGIC COST ANALYSIS,"DELLER,CAROLYN",1.74,2.53,2.23,1.61,2.88,1.45,1.93,2.80,2.00,1.86,0.82
2019A,ACCT102006,STRATEGIC COST ANALYSIS,"DELLER,CAROLYN",1.83,2.75,2.64,2.10,2.97,1.78,2.10,2.90,1.95,2.13,1.00
2019A,ACCT102007,STRATEGIC COST ANALYSIS,"ITTNER,CHRISTOPHER D",2.16,2.79,2.95,2.76,3.14,2.20,2.71,3.05,2.34,2.42,1.61
2019A,ACCT242001,ACCT & BUSINESS ANALYSIS,"FISCHER,PAUL E.",3.30,3.50,3.27,3.15,3.15,3.08,3.52,2.96,2.81,3.58,2.60
2019A,ACCT270001,PRED ANALY USING FIN DIS,"TAYLOR,DANIEL J.",3.00,3.32,3.04,3.09,2.96,2.35,3.09,2.78,2.78,2.91,2.48
2019A,ACCT270002,PRED ANALY USING FIN DIS,"TAYLOR,DANIEL J.",2.88,3.20,3.10,3.10,2.74,2.75,3.20,2.55,2.60,3.05,2.30
2019A,ACCT613001,FIN AND MNGL ACCT,"DEFEO,VICTOR J.",1.66,1.88,1.95,1.31,2.79,1.91,2.29,2.55,2.37,2.24,1.90
2019A,ACCT613002,FIN AND MNGL ACCT,"DEFEO,VICTOR J.",1.12,1.18,1.38,0.92,2.49,1.44,1.35,2.65,2.08,1.58,1.25
2019A,ACCT613003,FIN AND MNGL ACCT,"DEFEO,VICTOR J.",1.83,1.96,2.26,1.47,3.00,1.89,2.11,2.79,2.42,2.32,1.79
2019A,ACCT706001,COST MANAGEMENT,"ITTNER,CHRISTOPHER D",3.00,3.48,3.61,3.18,3.25,2.73,3.00,1.91,1.96,3.22,2.73
2019A,ACCT706002,COST MANAGEMENT,"ITTNER,CHRISTOPHER D",2.89,3.26,3.27,3.05,3.31,2.36,2.86,2.05,1.86,2.92,2.41
2019A,ACCT742001,FIN REPORT & BUS ANALYS,"FISCHER,PAUL E.",3.23,3.34,3.37,3.23,3.26,3.29,3.23,3.14,3.00,3.34,2.71
2019A,ACCT742002,FIN REPORT & BUS ANALYS,"FISCHER,PAUL E.",3.13,3.28,3.27,2.87,3.15,2.93,3.13,3.13,3.03,3.43,2.17
2019A,ACCT747001,FIN DISCLOSURE ANALYTICS,"BUSHEE,BRIAN J.",3.05,3.64,3.76,3.73,3.31,2.86,3.02,1.74,1.53,3.31,2.91
2019A,ACCT747002,FIN DISCLOSURE ANALYTICS,"BUSHEE,BRIAN J.",3.34,3.74,3.79,3.76,3.44,2.92,3.10,1.71,1.53,3.40,3.11
2019A,ACCT747003,FIN DISCLOSURE ANALYTICS,"BUSHEE,BRIAN J.",2.95,3.43,3.73,3.61,3.43,2.77,3.11,1.77,1.74,3.25,2.91
2019A,ACCT897401,TAXES AND BUS STRATEGY,"BLOUIN,JENNIFER L.",3.23,3.48,3.23,3.28,3.40,2.54,3.18,3.38,2.75,3.44,2.51
2019A,ACCT897402,TAXES AND BUS STRATEGY,"BLOUIN,JENNIFER L.",3.31,3.57,3.44,3.36,3.46,2.83,3.42,3.47,2.75,3.43,2.78
2019A,ACCT897403,TAXES AND BUS STRATEGY,"BLOUIN,JENNIFER L.",3.06,3.31,2.93,2.93,3.33,2.50,3.10,3.41,2.76,3.32,2.43
2019A,BEPP201401,PUBLIC FINANCE & POLICY,"JILANI,SALEHA",1.84,1.58,1.54,1.37,2.62,1.59,1.89,2.57,2.54,2.14,1.29
2019A,BEPP203001,BUS IN GLOBAL POL ENVIR,"WANG,SHING-YI",2.28,1.92,1.90,1.38,2.44,2.14,2.36,2.32,1.69,2.28,1.72
2019A,BEPP203002,BUS IN GLOBAL POL ENVIR,"KAYA,AYSE",3.44,3.69,3.50,3.50,3.21,2.93,3.64,2.69,2.36,3.21,3.07
2019A,BEPP203002,BUS IN GLOBAL POL ENVIR,"WANG,SHING-YI",2.57,2.74,2.77,2.27,2.50,2.00,2.73,2.73,2.18,2.45,2.23
2019A,BEPP214001,NONPROFIT SECTOR: ECONOM,"SWANSON,ASHLEY",2.81,3.00,3.39,3.06,2.94,2.67,2.89,2.50,3.06,2.56,2.28
2019A,BEPP220001,BEHAVIORAL ECONOMICS,"KESSLER,JUDD B.",3.41,3.59,3.44,3.46,2.89,3.08,3.18,2.36,1.77,3.38,2.73
2019A,BEPP230401,URBAN FISCAL POLICY,"INMAN,ROBERT P.",3.53,3.56,3.55,3.54,3.38,3.00,3.55,2.76,1.83,3.55,3.21
2019A,BEPP233001,"CONSUMERS,FIRMS & MARKET","WANG,SHING-YI",2.25,2.51,2.30,1.81,2.60,1.53,2.32,2.13,1.83,2.23,1.81
2019A,BEPP250001,MANAGERIAL ECONOMICS,"ABITO,JOSE MIGUEL",2.39,2.88,2.49,2.24,3.34,1.88,2.15,2.44,2.00,2.36,1.38
2019A,BEPP250002,MANAGERIAL ECONOMICS,"ABITO,JOSE MIGUEL",2.03,2.49,2.38,2.00,3.08,2.22,2.08,2.64,2.03,1.76,1.00
2019A,BEPP250003,MANAGERIAL ECONOMICS,"ABITO,JOSE MIGUEL",2.54,2.98,2.91,2.56,3.50,2.21,2.45,2.53,2.23,2.43,1.45
2019A,BEPP250201,RECITATION,"NISHANT RAVI,FNU",2.68,2.91,3.07,2.79,2.64,2.36,2.14,2.36,2.21,2.00,1.79
2019A,BEPP250202,RECITATION,"NISHANT RAVI,FNU",2.50,3.08,3.47,2.87,3.00,2.38,2.67,2.60,2.40,2.33,1.87
2019A,BEPP250203,RECITATION,"NISHANT RAVI,FNU",2.44,2.92,2.78,2.24,2.28,1.87,2.33,2.50,2.06,1.72,1.28
2019A,BEPP250204,RECITATION,"KRISHNAN,NITIN V",1.73,2.41,2.13,1.80,1.93,1.73,1.67,2.29,2.14,1.80,1.07
2019A,BEPP250205,RECITATION,"KRISHNAN,NITIN V",2.62,2.69,2.46,2.15,2.36,2.00,2.31,2.62,2.50,2.08,1.38
2019A,BEPP250206,RECITATION,"KRISHNAN,NITIN V",1.78,2.22,2.50,2.00,2.00,2.25,1.83,2.50,2.17,1.58,0.92
2019A,BEPP263401,ENVIRON. & ENERGY ECON,"VAN BENTHEM,ARTHUR",3.48,3.84,3.65,3.58,3.38,3.12,3.77,3.31,3.23,3.42,3.04
2019A,BEPP284001,GAME THY FOR BUS & LIFE,"HARRINGTON,JOSEPH E.",2.56,2.83,2.76,2.39,3.18,2.45,2.73,2.36,2.10,2.71,2.37
2019A,BEPP289401,"NATIONS, POL AND MARKETS","GOLUB,STEPHEN S.",3.02,3.17,3.07,3.12,3.15,3.07,3.18,2.49,2.27,3.27,2.85
2019A,BEPP305401,RISK MANAGEMENT,"SELMAN,DENIZ",1.91,2.22,2.22,2.04,2.38,1.79,1.96,2.83,2.33,1.75,1.29
2019A,BEPP399001,RESEARCH SEM POL ANALYSI,"MAGENHEIM,ELLEN B.",2.73,3.55,3.43,3.29,3.71,2.57,3.29,2.57,3.29,2.86,1.57
2019A,BEPP620001,"BEHAVIORAL ECON, MARKETS: Behavioral Economics, Markets and Public Policy","KESSLER,JUDD B.",3.27,3.69,3.70,3.57,3.09,3.22,3.05,2.27,2.17,3.30,2.74
2019A,BEPP763401,ENERGY MARKETS & POLICY,"VAN BENTHEM,ARTHUR",3.38,3.62,3.52,3.40,3.62,3.10,3.43,3.30,3.20,3.37,2.63
2019A,BEPP763701,ENERGY MARKETS & POLICY,"VAN BENTHEM,ARTHUR",3.54,3.75,3.81,3.57,3.71,3.14,3.48,3.33,3.52,3.24,2.62
2019A,BEPP904401,EXPERIMENTAL ECONOMICS,"KESSLER,JUDD B.",3.21,3.57,3.54,3.46,3.46,2.85,3.23,1.69,1.85,3.31,2.83
2019A,BEPP933001,PUBLIC ECON: SOCIAL INS,"LOCKWOOD,BENJAMIN B.",3.20,3.55,3.64,3.18,3.64,3.27,3.50,2.27,2.27,3.36,2.55
2019A,FNCE100001,CORPORATE FINANCE,"JAFFE,JEFFREY F",1.75,1.79,1.89,1.50,2.06,2.19,2.06,2.56,2.22,2.67,2.00
2019A,FNCE100002,CORPORATE FINANCE,"JAFFE,JEFFREY F",1.70,1.41,1.46,0.88,2.34,1.81,2.05,3.27,2.24,2.29,1.32
2019A,FNCE100003,CORPORATE FINANCE,"JAFFE,JEFFREY F",1.84,1.69,1.80,1.43,2.52,2.26,2.37,3.18,2.67,2.65,1.43
2019A,FNCE100004,CORPORATE FINANCE,"DIAMOND,WILLIAM F.",2.45,2.56,2.13,2.13,2.92,2.26,2.78,2.89,2.32,2.89,2.37
2019A,FNCE100005,CORPORATE FINANCE,"DIAMOND,WILLIAM F.",3.08,3.16,2.86,2.82,3.62,2.24,3.27,2.41,2.45,3.50,3.00
2019A,FNCE100006,CORPORATE FINANCE,"DIAMOND,WILLIAM F.",3.00,3.07,2.73,2.64,3.60,2.20,3.18,2.36,1.91,3.45,2.64
2019A,FNCE101001,MONETARY ECON & GLOB ECO,"LANDRY,ANTHONY",2.69,3.17,2.88,2.80,2.48,2.10,2.77,2.71,1.96,2.40,1.96
2019A,FNCE101002,MONETARY ECON & GLOB ECO,"LANDRY,ANTHONY",2.87,3.21,3.02,3.02,2.47,2.44,2.81,2.80,2.18,2.88,2.08
2019A,FNCE101003,MONETARY ECON & GLOB ECO,"LANDRY,ANTHONY",3.00,3.23,3.14,3.02,2.73,2.37,3.04,3.02,2.31,2.78,2.29
2019A,FNCE101004,MONETARY ECON & GLOB ECO,"SAKA,GIZEM",2.53,2.94,3.36,2.76,2.40,2.64,3.12,3.56,3.24,2.76,1.64
2019A,FNCE101005,MONETARY ECON & GLOB ECO,"SAKA,GIZEM",2.57,2.92,3.07,2.62,2.36,2.55,2.86,3.52,3.03,2.48,1.57
2019A,FNCE101006,MONETARY ECON & GLOB ECO,"SAKA,GIZEM",2.75,3.25,3.38,2.38,2.54,2.58,3.15,3.15,2.69,2.77,1.62
2019A,FNCE203001,ADVANCED CORP FINANCE,"OPP,CHRISTIAN",3.07,3.32,3.23,2.87,2.81,2.25,3.34,3.23,3.11,3.42,2.02
2019A,FNCE203002,ADVANCED CORP FINANCE,"ESMER,BURCU",2.39,2.66,2.43,2.48,2.90,1.74,2.78,2.83,2.53,2.88,1.63
2019A,FNCE203003,ADVANCED CORP FINANCE,"ESMER,BURCU",2.66,2.79,2.26,2.61,2.94,1.94,2.77,2.68,2.60,3.23,2.29
2019A,FNCE205001,INVESTMENT MANAGEMENT,"STAMBAUGH,ROBERT F.",2.86,3.21,3.14,2.67,3.24,2.86,3.14,3.29,2.33,2.86,2.00
2019A,FNCE205002,INVESTMENT MANAGEMENT,"STAMBAUGH,ROBERT F.",3.00,3.11,3.08,3.00,3.08,3.08,3.33,2.75,2.33,2.92,2.33
2019A,FNCE207001,CORPORATE VALUATION,"GLODE,VINCENT",3.28,3.39,3.24,3.12,3.12,2.71,3.54,3.69,3.81,3.24,1.48
2019A,FNCE208001,INTERNATIONAL CORP FINAN,"LEWIS,KAREN KAY",3.07,3.21,3.07,2.78,3.23,2.38,3.07,2.67,3.15,2.89,2.00
2019A,FNCE208002,INTERNATIONAL CORP FINAN,"LEWIS,KAREN KAY",2.80,3.40,3.50,3.17,3.17,2.83,3.17,2.83,2.83,2.83,1.83
2019A,FNCE220001,INTERNATIONAL BANKING,"HERRING,RICHARD J",3.29,3.54,3.38,3.13,3.38,2.81,3.25,2.69,2.69,3.19,2.31
2019A,FNCE235001,FIXED INCOME SECURITIES,"CUOCO,DOMENICO",2.71,2.71,2.58,2.08,2.17,2.08,3.17,3.75,3.45,2.25,1.17
2019A,FNCE238001,CAPITAL MARKETS,"SCHWARZ,KRISTA",2.63,3.06,2.65,2.61,2.73,2.77,2.75,2.63,2.25,2.91,1.89
2019A,FNCE238002,CAPITAL MARKETS,"SCHWARZ,KRISTA",2.76,2.68,2.45,2.62,2.60,2.83,2.83,2.29,2.14,2.95,2.50
2019A,FNCE238003,CAPITAL MARKETS,"SCHWERT,MICHAEL",3.23,3.31,3.33,2.83,3.08,2.50,3.25,2.50,2.08,3.42,2.67
2019A,FNCE239001,BEHAVIORAL FINANCE,"ROUSSANOV,NIKOLAI",2.87,2.87,2.80,2.48,3.04,2.48,3.08,2.24,1.88,3.24,2.36
2019A,FNCE250001,VENT CAP & FNCE INNOVAT,"CATHERINE,SYLVAIN",2.56,2.33,1.67,1.25,2.67,2.08,2.67,2.42,2.33,2.67,2.42
2019A,FNCE250002,VENT CAP & FNCE INNOVAT,"CATHERINE,SYLVAIN",2.55,2.28,2.10,2.07,2.60,2.23,2.63,2.53,2.47,2.47,2.07
2019A,FNCE251001,FNCE OF BUYOUTS & ACQS,"LEVIT,DORON Y.",2.17,2.11,2.07,1.78,2.39,1.95,2.34,2.88,2.83,2.33,1.24
2019A,FNCE251002,FNCE OF BUYOUTS & ACQS,"LEVIT,DORON Y.",2.58,2.70,2.71,2.00,2.79,2.08,2.58,2.75,2.50,2.83,1.83
2019A,FNCE254001,IMPACT INVESTING,"GECZY,CHRISTOPHER C",2.70,2.97,2.73,2.44,2.58,1.93,2.36,1.98,2.00,2.64,2.16
2019A,FNCE254002,IMPACT INVESTING,"GECZY,CHRISTOPHER C",2.45,2.86,2.90,2.42,2.64,2.12,2.26,1.69,1.84,2.53,1.74
2019A,FNCE256001,ENERGY FINANCE,"GILJE,ERIK",3.64,3.58,3.33,3.17,3.58,2.82,3.42,2.75,2.83,3.33,2.45
2019A,FNCE283001,STRATEGIC EQUITY FINANCE,"MUSTO,DAVID K.",3.55,3.55,3.11,3.22,3.44,3.22,3.56,3.11,2.67,3.56,2.00
2019A,FNCE283001,STRATEGIC EQUITY FINANCE,"ERICKSON,DAVID",3.55,3.73,3.67,3.78,3.67,3.22,3.56,3.11,2.67,3.56,2.00
2019A,FNCE291001,CORPORATE RESTRUCTURING,"KAISER,KEVIN",3.69,3.75,3.68,3.84,2.88,3.30,3.60,2.64,2.72,3.64,2.44
2019A,FNCE384001,ADVANCED TOPICS IN PE,"YILMAZ,BILGE",3.00,3.16,3.29,3.14,2.14,2.86,2.90,2.52,2.60,3.24,1.67
2019A,FNCE384001,ADVANCED TOPICS IN PE,"ESMER,BURCU",3.00,2.55,2.29,2.57,3.14,2.86,2.90,2.52,2.60,3.24,1.67
2019A,FNCE385001,ASP FIN-TECH,"KOGAN,SHIMON",3.27,3.58,3.36,3.45,3.18,2.80,3.45,2.09,1.82,3.27,3.09
2019A,FNCE385002,ASP FIN-TECH,"KOGAN,SHIMON",3.67,3.61,3.60,3.60,3.00,3.33,3.29,2.33,1.93,3.33,3.20
2019A,FNCE387001,ASP-SHAREHOLDER ACTIVISM,"YILMAZ,BILGE",3.14,3.05,3.32,3.16,2.07,3.17,3.23,2.42,2.35,3.35,2.35
2019A,FNCE387001,ASP-SHAREHOLDER ACTIVISM,"KAISER,KEVIN",3.14,3.27,3.26,3.68,2.66,3.17,3.23,2.42,2.35,3.35,2.35
2019A,FNCE611001,CORPORATE FINANCE,"KAUFOLD,HOWARD S.",2.23,2.23,2.25,1.74,3.06,1.80,2.50,2.85,2.49,2.76,2.32
2019A,FNCE611001,CORPORATE FINANCE,"DIECKMANN,STEPHAN",3.10,3.38,3.26,3.28,3.15,2.53,3.13,2.72,2.58,3.23,2.96
2019A,FNCE611002,CORPORATE FINANCE,"KAUFOLD,HOWARD S.",2.23,2.19,2.24,1.74,3.13,2.03,2.30,2.70,2.28,2.51,2.12
2019A,FNCE611002,CORPORATE FINANCE,"DIECKMANN,STEPHAN",3.31,3.67,3.62,3.67,3.33,2.74,3.23,2.50,2.35,3.37,3.29
2019A,FNCE611003,CORPORATE FINANCE,"KAUFOLD,HOWARD S.",2.26,2.14,2.14,1.61,3.24,2.17,2.33,2.58,2.28,2.81,2.62
2019A,FNCE611003,CORPORATE FINANCE,"DIECKMANN,STEPHAN",2.88,3.27,3.20,3.24,3.17,2.57,2.90,2.69,2.49,3.20,2.76
2019A,FNCE611004,CORPORATE FINANCE,"KAUFOLD,HOWARD S.",1.83,1.86,1.75,1.07,3.08,1.86,2.07,2.54,2.25,2.37,1.93
2019A,FNCE611004,CORPORATE FINANCE,"DIECKMANN,STEPHAN",3.08,3.28,3.26,3.26,3.20,2.79,3.10,2.42,2.32,3.23,2.93
2019A,FNCE611701,CORPORATE FINANCE,"GOLDSTEIN,ITAY",2.71,3.18,3.40,2.77,3.13,2.62,2.92,2.65,2.77,3.12,2.65
2019A,FNCE611701,CORPORATE FINANCE,"ROBERTS,MICHAEL",2.71,2.43,2.73,2.88,2.64,2.62,2.92,2.65,2.77,3.12,2.65
2019A,FNCE611702,CORPORATE FINANCE,"GOLDSTEIN,ITAY",2.55,3.28,3.41,2.97,3.28,2.41,2.67,2.58,2.50,2.91,2.36
2019A,FNCE611702,CORPORATE FINANCE,"ROBERTS,MICHAEL",2.55,2.31,2.74,2.91,2.74,2.41,2.67,2.58,2.50,2.91,2.36
2019A,FNCE611751,CORPORATE FINANCE,"WESSELS,DAVID",3.54,3.78,3.71,3.71,2.89,3.06,3.56,3.19,2.90,3.57,3.35
2019A,FNCE611752,CORPORATE FINANCE,"WESSELS,DAVID",3.75,3.93,3.85,3.92,3.15,3.11,3.69,2.93,2.74,3.65,3.59
2019A,FNCE613001,MACROECN & GLOBAL ECONOM,"ABEL,ANDREW B",2.50,3.08,3.14,2.84,2.85,2.46,2.46,2.81,2.59,2.58,2.13
2019A,FNCE613002,MACROECN & GLOBAL ECONOM,"ABEL,ANDREW B",2.36,2.88,2.80,2.45,3.04,2.47,2.23,3.04,2.49,2.38,1.84
2019A,FNCE613003,MACROECN & GLOBAL ECONOM,"ABEL,ANDREW B",2.14,2.86,2.71,2.34,2.98,2.10,2.17,2.74,2.33,2.29,1.73
2019A,FNCE613004,MACROECN & GLOBAL ECONOM,"LANDVOIGT,TIM",2.16,2.38,2.51,2.22,2.89,2.63,2.25,2.56,2.12,2.39,1.93
2019A,FNCE613005,MACROECN & GLOBAL ECONOM,"LANDVOIGT,TIM",2.14,2.53,2.55,2.00,2.86,2.34,2.11,2.49,1.95,2.16,1.78
2019A,FNCE613006,MACROECN & GLOBAL ECONOM,"LANDVOIGT,TIM",2.13,2.38,2.31,2.15,3.00,2.38,2.54,2.62,2.23,2.00,1.77
2019A,FNCE613007,MACROECN & GLOBAL ECONOM,"LANDRY,ANTHONY",2.62,3.07,2.96,3.11,2.89,2.33,2.64,2.73,2.13,2.82,2.27
2019A,FNCE614002,CORPORATE FNCE (HALF CU),"DIECKMANN,STEPHAN",2.64,3.18,3.10,3.40,3.20,2.22,2.70,2.60,2.40,2.60,2.40
2019A,FNCE615001,MACROECONOMICS (HALF CU),"GOMES,JOAO F",1.88,2.20,2.10,1.73,2.44,1.70,1.85,2.44,1.60,1.83,1.62
2019A,FNCE615003,MACROECONOMICS (HALF CU),"GOMES,JOAO F",1.81,1.96,1.86,1.78,2.38,1.79,1.75,2.31,1.62,1.67,1.57
2019A,FNCE717401,FINANCIAL DERIVATIVES,"RAMASWAMY,KRISHNA",2.16,2.13,2.04,1.96,2.78,2.42,2.50,3.58,3.08,2.38,1.42
2019A,FNCE717402,FINANCIAL DERIVATIVES,"RAMASWAMY,KRISHNA",2.55,2.76,2.68,2.52,3.08,2.76,2.76,3.32,2.72,2.88,1.48
2019A,FNCE720001,INVESTMENT MANAGEMENT,"STAMBAUGH,ROBERT F.",2.62,2.76,3.00,2.60,3.29,2.92,3.00,3.36,2.84,3.28,2.16
2019A,FNCE726001,ADVANCED CORP FINANCE,"OPP,CHRISTIAN",3.31,3.46,3.59,3.00,3.15,3.09,3.50,3.14,3.45,3.68,2.64
2019A,FNCE726002,ADVANCED CORP FINANCE,"OPP,CHRISTIAN",3.40,3.60,3.33,3.50,3.50,3.50,3.33,2.83,3.50,3.67,2.83
2019A,FNCE728001,CORPORATE VALUATION,"GLODE,VINCENT",2.65,2.79,2.66,2.53,3.02,2.29,2.79,3.45,3.77,2.95,1.79
2019A,FNCE728002,CORPORATE VALUATION,"GLODE,VINCENT",2.76,3.03,2.84,2.85,3.13,2.22,2.89,3.68,3.73,2.96,1.63
2019A,FNCE728701,CORPORATE VALUATION,"KAISER,KEVIN",3.16,3.47,3.26,3.53,2.97,3.11,3.37,3.05,3.03,3.39,2.92
2019A,FNCE728751,CORPORATE VALUATION,"GUAY,WAYNE R.",2.73,2.92,3.00,2.73,3.05,2.90,2.62,2.86,3.00,3.05,1.95
2019A,FNCE731001,INTERNATL CORP FINANCE,"LEWIS,KAREN KAY",2.75,3.08,3.38,2.75,3.50,2.88,3.25,2.63,2.50,2.88,2.13
2019A,FNCE731701,INTERNATL CORP FINANCE,"BODNAR,GORDON",3.00,3.24,3.07,2.71,3.46,2.54,2.86,3.50,3.64,2.71,1.69
2019A,FNCE732001,INTERNATIONAL BANKING,"HERRING,RICHARD J",3.50,3.57,3.64,3.36,3.45,3.41,3.45,2.78,2.59,3.26,2.18
2019A,FNCE738001,CAPITAL MARKETS,"SCHWARZ,KRISTA",2.90,2.93,2.50,2.68,3.43,3.14,2.77,2.14,2.23,2.82,2.14
2019A,FNCE738002,CAPITAL MARKETS,"SCHWERT,MICHAEL",3.03,3.30,3.38,2.62,3.58,2.69,2.96,2.85,2.58,3.27,2.32
2019A,FNCE739001,BEHAVIORAL FINANCE,"ROUSSANOV,NIKOLAI",2.44,2.72,2.73,2.50,3.18,2.64,2.82,2.36,2.36,2.55,2.09
2019A,FNCE739401,BEHAVIORAL FINANCE,"ROUSSANOV,NIKOLAI",2.59,2.61,2.54,1.96,2.85,2.50,2.65,2.12,2.00,2.88,1.92
2019A,FNCE750701,VENT CAP & FNCE INNOVAT,"NAIR,VINAY B.",2.30,2.18,2.35,2.05,2.15,2.11,2.15,2.15,1.80,2.05,2.00
2019A,FNCE750751,VENT CAP & FNCE INNOVAT,"NAIR,VINAY B.",2.46,2.50,2.74,1.83,2.05,1.67,2.39,1.96,1.26,2.26,1.65
2019A,FNCE751001,FNCE OF BUYOUTS & ACQS,"LEVIT,DORON Y.",1.92,1.90,1.94,1.65,2.83,2.00,2.02,2.52,2.38,2.19,1.21
2019A,FNCE751003,San Francisco - Vent Cap & FNCE of Innovation,"YILMAZ,BILGE",2.44,2.90,3.13,2.75,2.71,2.17,2.43,2.63,2.50,2.88,1.88
2019A,FNCE751751,FNCE OF BUYOUTS & ACQS,"YILMAZ,BILGE",3.10,3.48,3.53,3.42,3.00,2.58,2.76,2.42,2.16,3.22,2.47
2019A,FNCE754001,IMPACT INVESTING,"GECZY,CHRISTOPHER C",2.52,2.81,2.71,2.25,2.61,2.17,2.38,2.21,2.29,2.50,2.00
2019A,FNCE756001,ENERGY FINANCE,"GILJE,ERIK",3.00,3.06,3.07,2.57,3.46,2.86,3.14,3.29,3.21,3.38,1.79
2019A,FNCE756002,ENERGY FINANCE,"GILJE,ERIK",2.72,2.76,2.71,2.24,3.25,2.76,2.88,3.12,3.47,2.71,1.41
2019A,FNCE783751,STRATEGIC EQUITY FINANCE,"MUSTO,DAVID K.",3.14,2.43,2.78,2.44,3.12,3.00,3.22,2.56,2.94,3.06,2.82
2019A,FNCE783751,STRATEGIC EQUITY FINANCE,"ERICKSON,DAVID",3.14,3.57,3.78,3.83,3.76,3.00,3.22,2.56,2.94,3.06,2.82
2019A,FNCE791001,CORPORATE RESTRUCTURING,"KAISER,KEVIN",2.66,2.89,2.78,2.91,3.02,2.71,2.70,2.75,2.77,2.95,2.04
2019A,FNCE885001,ASP - FIN TECH,"KOGAN,SHIMON",2.51,2.63,2.57,2.61,3.00,2.65,2.53,2.09,1.96,2.56,2.26
2019A,FNCE885701,ASP - FIN TECH,"KOGAN,SHIMON",2.29,2.58,2.70,2.70,2.91,2.65,2.61,2.35,2.23,2.17,2.09
2019A,FNCE888001,"Advanced PE Equity: Fundraising, Sourcing & Value Creation","YILMAZ,BILGE",2.27,2.35,2.33,2.14,2.32,2.27,2.16,2.22,2.20,2.31,1.57
2019A,FNCE888001,"Advanced PE Equity: Fundraising, Sourcing & Value Creation","BARD,DAVID",2.27,3.09,3.13,3.04,2.34,2.27,2.16,2.22,2.20,2.31,1.57
2019A,FNCE896401,FINANCE IN EUROPE,"GULTEKIN,BULENT",2.58,3.03,2.96,3.00,2.80,2.75,2.59,1.77,1.69,2.86,2.07
2019A,FNCE896401,FINANCE IN EUROPE,"GOMES,JOAO F.",2.58,2.81,2.97,2.97,2.76,2.75,2.59,1.77,1.69,2.86,2.07
2019A,FNCE896401,FINANCE IN EUROPE,"YILMAZ,BILGE",2.58,2.52,2.71,2.79,2.48,2.75,2.59,1.77,1.69,2.86,2.07
2019A,FNCE924001,INTERTEMPORAL MACRO FIN,"GOMES,JOAO F",3.64,3.82,3.30,3.30,3.22,3.14,3.30,3.40,2.70,3.00,1.56
2019A,HCMG101001,HEALTH CARE SYSTEMS,"HARRINGTON,SCOTT",2.32,2.36,2.33,2.07,2.42,2.30,2.81,2.96,2.10,3.00,2.09
2019A,HCMG202401,ECON & FINCING-HLTHCR DL,"CANDON,MOLLY",3.17,3.49,3.44,3.27,3.39,2.42,3.29,2.69,2.41,3.14,2.64
2019A,HCMG203001,CLIN ISS IN HLTH CR MGMT,"ASCH,DAVID A",3.08,3.38,3.31,3.44,2.19,2.42,2.98,1.74,1.84,3.16,2.99
2019A,HCMG204001,COMPARATIVE HC SYSTEMS,"LUCARELLI,CLAUDIO",1.98,2.14,2.03,1.87,1.81,1.90,2.03,2.16,1.59,2.10,1.77
2019A,HCMG215001,"MGMT&ECONOFPHARMA,BIOTEC","ALPERT,ABBY",3.27,2.94,3.31,2.95,3.05,2.74,3.44,1.90,1.97,3.54,3.05
2019A,HCMG845001,MANAGED CARE & INTEG HC: MANAGED CARE AND INDUSTRIAL ORGANIZATION OF HEALTH CARE,"FLUEGEL,BRADLEY M.",2.91,3.40,3.57,3.43,3.57,2.43,3.57,2.14,2.14,3.29,2.71
2019A,HCMG845001,MANAGED CARE & INTEG HC: MANAGED CARE AND INDUSTRIAL ORGANIZATION OF HEALTH CARE,"GUPTA,ATUL",2.91,3.00,3.17,3.00,3.57,2.43,3.57,2.14,2.14,3.29,2.71
2019A,HCMG850751,HEALTH CARE REFORM,"EMANUEL,EZEKIEL J.",3.35,3.65,3.73,3.80,2.64,3.20,3.43,2.13,2.47,3.40,2.93
2019A,HCMG852401,HEALTH CARE SERVICES DEL: A Managerial Economic Approach,"DAVID,GUY",3.03,3.46,3.36,3.28,2.96,2.60,2.98,1.84,1.51,3.18,2.25
2019A,HCMG852701,HEALTH CARE SERVICES DEL,"DAVID,GUY",3.31,3.43,3.36,3.07,3.21,2.43,3.29,2.21,1.86,3.00,2.85
2019A,HCMG859401,COMPARATIVE HC SYSTEMS,"LUCARELLI,CLAUDIO",2.32,2.70,2.44,2.44,2.32,2.38,2.41,2.09,1.81,2.44,1.97
2019A,HCMG860001,MANAGING HC ORGS,"NEMBHARD,INGRID M.",3.30,3.39,3.45,3.26,3.48,3.26,3.27,2.45,2.71,3.37,2.48
2019A,HCMG863001,"MGMT&ECONOFPHARMA,BIOTEC","ALPERT,ABBY",3.10,2.75,2.72,2.56,3.29,2.83,2.88,1.94,2.00,3.06,2.17
2019A,HCMG866001,E-HEALTH:BUSINESS MODELS: E-Health: Business Models and Impact,"GLASER,JOHN",1.82,2.14,2.25,1.80,3.11,1.67,1.70,1.25,1.30,1.70,1.05
2019A,HCMG866001,E-HEALTH:BUSINESS MODELS: E-Health: Business Models and Impact,"PATEL,MITESH S.",1.82,2.43,2.90,2.28,2.89,1.67,1.70,1.25,1.30,1.70,1.05
2019A,HCMG867001,HC ENTREPRENEURSHIP,"HEIL,ERIC M",1.59,2.02,2.04,1.96,2.21,1.48,1.52,1.61,2.06,1.58,1.12
2019A,HCMG867001,HC ENTREPRENEURSHIP,"LIBSON,JEFFREY P",1.59,1.71,1.73,1.65,1.80,1.48,1.52,1.61,2.06,1.58,1.12
2019A,HCMG867001,HC ENTREPRENEURSHIP,"KURTZMAN,GARY J.",1.59,1.91,1.81,1.78,1.96,1.48,1.52,1.61,2.06,1.58,1.12
2019A,HCMG868001,PRIV SEC ROLE GLOB HLTH,"SAMMUT,STEPHEN M",2.91,3.32,3.62,3.77,3.54,3.38,3.00,1.85,1.92,3.15,2.85
2019A,HCMG890401,ADVANCED STUDY PROJECT: Opportunities and Challenges in Africa: Healthcare and Business in Ethiopia,"SCHOFIELD,HEATHER",3.64,3.50,3.63,3.48,3.35,3.48,3.50,1.73,2.00,3.37,3.22
2019A,HCMG890401,ADVANCED STUDY PROJECT: Opportunities and Challenges in Africa: Healthcare and Business in Ethiopia,"EMANUEL,EZEKIEL J.",3.64,3.39,3.56,3.59,2.81,3.48,3.50,1.73,2.00,3.37,3.22
2019A,HCMG899002,"MGMT&ECONOFPHARMA,BIOTEC","ALPERT,ABBY",3.10,3.05,3.05,2.55,3.30,3.00,3.10,2.50,2.35,3.10,2.85
2019A,INTS750001,CAPSTONE SEMINAR: ADV TPCS IN INTL STUDIES,"GRANIERI,RONALD J.",3.79,4.00,3.92,3.85,3.77,3.92,3.62,2.23,2.00,3.46,3.54
2019A,INTS765001,GLOBAL PROG SPRING TERM: The Global Leader,"GRANIERI,RONALD J.",3.50,3.60,3.78,3.78,3.78,3.33,3.22,1.89,2.67,3.44,3.56
2019A,LGST100001,ETHICS & SOCIAL RESP,"DONALDSON,THOMAS J",3.47,3.73,3.77,3.67,2.67,3.33,3.44,2.06,2.04,3.50,3.20
2019A,LGST100002,ETHICS & SOCIAL RESP,"STRUDLER,ALAN",2.80,2.96,2.98,3.00,2.54,2.80,2.96,2.24,2.08,2.86,2.71
2019A,LGST100003,ETHICS & SOCIAL RESP,"STRUDLER,ALAN",2.73,2.90,2.90,2.95,2.59,3.00,2.85,2.15,1.93,2.63,2.44
2019A,LGST100004,ETHICS & SOCIAL RESP,"STRUDLER,ALAN",2.91,3.17,2.76,3.08,2.67,2.68,2.79,2.04,1.88,2.76,2.58
2019A,LGST100005,ETHICS & SOCIAL RESP,"PETKOSKI,DJORDJIJA",3.00,3.10,2.96,2.83,2.92,3.29,2.92,2.13,2.75,2.87,2.54
2019A,LGST100006,ETHICS & SOCIAL RESP,"SCHEIN,CHELSEA DYAN",3.58,3.75,3.75,3.79,3.43,3.46,3.67,1.46,1.96,3.26,3.17
2019A,LGST100301,ETHICS & SOCIAL RESP,"DONALDSON,THOMAS J",3.70,3.78,3.79,3.58,2.61,3.21,3.11,2.00,1.89,3.56,3.37
2019A,LGST101001,LAW AND SOCIAL VALUES,"JONKER,JULIAN D.",3.33,3.50,3.42,3.17,3.08,2.92,3.33,2.33,2.17,3.42,3.09
2019A,LGST101002,LAW AND SOCIAL VALUES,"JONKER,JULIAN D.",3.19,3.43,3.59,3.29,2.94,3.24,3.12,2.41,2.47,3.18,2.71
2019A,LGST101003,LAW AND SOCIAL VALUES,"FEINSTEIN,BRIAN D.",2.88,3.08,3.53,2.79,3.16,3.11,3.26,2.32,2.11,3.16,2.79
2019A,LGST101004,LAW AND SOCIAL VALUES,"FEINSTEIN,BRIAN D.",3.71,3.86,3.77,3.38,3.46,3.31,3.54,1.85,2.46,3.54,3.31
2019A,LGST101005,LAW AND SOCIAL VALUES,"SHANOR,AMANDA W.",3.91,3.91,3.89,3.78,3.56,3.67,3.89,2.22,2.44,3.78,3.67
2019A,LGST101007,LAW AND SOCIAL VALUES,"SHANOR,AMANDA W.",3.86,3.93,3.85,3.77,3.77,3.46,3.83,2.15,2.31,3.54,3.46
2019A,LGST101301,LAW AND SOCIAL VALUES,"JONKER,JULIAN D.",3.40,3.70,3.63,3.44,3.44,3.25,3.44,2.25,2.63,3.25,2.56
2019A,LGST202401,LAW OF CORP MGMT & FNCE,"BUCCOLA,VINCENT S. J.",3.62,3.75,3.64,3.56,3.67,3.23,3.54,2.28,2.13,3.59,3.13
2019A,LGST206406,NEGOTIATIONS,"TAHERIPOUR,MORVARID",3.82,3.89,3.81,3.89,3.22,3.46,3.61,1.58,2.14,3.76,3.76
2019A,LGST206407,NEGOTIATION/CONFLICT RES,"BHATIA,NAZLI M",3.46,3.65,3.57,3.45,3.29,3.29,3.43,1.86,2.00,3.57,3.48
2019A,LGST206408,NEGOTIATION/CONFLICT RES,"BLUM,STEVEN",3.55,3.70,3.56,3.68,3.32,3.26,3.38,2.45,3.03,3.59,3.53
2019A,LGST206409,NEGOTIATION/CONFLICT RES,"BEER,JENNIFER E.",2.79,2.71,2.93,2.64,3.00,2.61,3.11,2.52,2.57,2.96,2.93
2019A,LGST207001,SPORTS BUSINESS MGMT,"DIGISI,ROBERT J.",3.07,3.21,3.26,3.35,2.50,2.65,3.18,2.38,2.06,3.09,2.94
2019A,LGST212401,ECONOMIC ANALYSIS OF LAW,"BUCCOLA,VINCENT S. J.",3.08,3.56,3.44,3.47,3.44,2.74,3.15,1.97,2.12,3.06,2.76
2019A,LGST213001,LEG ASP ENTREPRENSHIP,"HOCHSTADTER,CAROLYN",2.95,3.24,2.94,2.72,3.17,2.33,3.33,2.59,2.33,3.28,2.78
2019A,LGST215401,ENVT'L MGMT LAW & POL,"LIGHT,SARAH E.",3.72,3.92,3.79,3.64,3.61,2.98,3.40,1.98,2.17,3.70,3.51
2019A,LGST218401,DIVERSITY & THE LAW,"ANDERSON,JOSE F.",3.12,3.33,3.32,3.02,2.62,2.90,2.80,1.32,1.52,2.92,3.04
2019A,LGST219001,LAW & POL IN INT'L BUS,"ZARING,DAVID",2.63,2.84,2.55,2.61,2.52,2.68,3.06,2.81,2.29,2.74,2.27
2019A,LGST227001,LITERATURE OF SUCCESS,"SHELL,G RICHARD",3.70,3.83,3.79,3.79,3.61,3.64,3.57,2.61,2.86,3.52,3.64
2019A,LGST228001,SPORTS LAW,"MCAFEE,ARTHUR J.",2.49,2.72,2.51,2.49,1.83,2.44,2.28,1.60,1.58,2.53,2.31
2019A,LGST611002,RESP IN GLOBAL MGMT,"SHELL,G RICHARD",3.30,3.69,3.69,3.52,2.97,3.12,2.98,2.20,2.31,3.33,3.24
2019A,LGST611751,RESP IN GLOBAL MGMT,"DONALDSON,THOMAS",1.86,2.40,2.72,2.38,2.76,2.48,1.86,1.62,2.03,2.21,1.83
2019A,LGST611752,RESP IN GLOBAL MGMT,"DONALDSON,THOMAS",2.03,2.37,2.45,2.10,2.61,2.28,1.79,1.59,2.03,1.69,1.55
2019A,LGST612001,RESPONSIBILITY IN BUS.,"CONTI-BROWN,PETER",3.37,3.68,3.63,3.68,3.74,3.09,2.97,2.00,2.24,3.32,3.18
2019A,LGST612002,RESPONSIBILITY IN BUS.,"CONTI-BROWN,PETER M",3.35,3.72,3.63,3.76,3.76,3.43,3.12,2.08,2.27,3.22,3.22
2019A,LGST612003,RESPONSIBILITY IN BUS.,"ORTS,ERIC WILLS",2.17,2.61,2.74,2.65,2.95,2.33,2.13,1.73,1.74,2.05,1.85
2019A,LGST612004,RESPONSIBILITY IN BUS.,"ORTS,ERIC WILLS",2.24,2.45,2.61,2.73,2.90,2.42,1.94,1.45,1.70,2.18,2.12
2019A,LGST612005,RESPONSIBILITY IN BUS.,"WERBACH,KEVIN",2.54,3.00,3.11,2.78,2.71,2.81,2.36,1.83,2.22,2.63,2.49
2019A,LGST612006,RESPONSIBILITY IN BUS.,"MACHLIS,ROGER M.",2.52,2.98,2.97,2.87,2.31,2.47,2.08,1.32,1.71,2.41,2.16
2019A,LGST612006,RESPONSIBILITY IN BUS.,"GENTIN,PIERRE MARC",2.52,2.90,2.95,2.87,2.22,2.47,2.08,1.32,1.71,2.41,2.16
2019A,LGST612007,RESPONSIBILITY IN BUS.,"WERBACH,KEVIN",2.75,3.07,3.22,2.97,2.97,3.08,2.64,1.69,1.92,2.64,2.64
2019A,LGST612009,RESPONSIBILITY IN BUS.,"WERBACH,KEVIN",2.45,3.06,3.23,2.87,3.00,2.80,2.60,1.60,1.90,2.55,2.38
2019A,LGST612701,RESPONSIBILITY IN BUS.,"WERBACH,KEVIN",2.43,2.78,2.91,2.70,2.81,2.62,2.22,1.96,2.34,2.26,2.07
2019A,LGST612702,RESPONSIBILITY IN BUS.,"WERBACH,KEVIN",2.93,3.19,3.17,3.19,3.27,3.19,2.80,2.12,2.44,2.86,2.61
2019A,LGST806406,NEGOTIATIONS,"MAX,ERIC",3.31,3.55,3.58,3.74,3.41,3.19,3.37,1.84,2.03,3.50,3.55
2019A,LGST806407,NEGOTIATIONS,"MAX,ERIC",3.46,3.61,3.53,3.70,3.37,3.16,3.49,2.03,2.30,3.60,3.63
2019A,LGST806408,NEGOTIATIONS,"LIGHT,SARAH E.",3.75,3.96,3.87,3.84,3.65,3.37,3.65,1.76,1.92,3.76,3.74
2019A,LGST806410,NEGOTIATIONS,"JOHNSON,DAVID WAYNE",3.15,2.86,3.00,3.00,3.45,2.83,3.42,2.50,2.67,3.08,3.00
2019A,LGST809401,SPORTS BUSINESS MGMT,"DIGISI,ROBERT J.",2.93,3.07,3.13,3.10,2.71,2.64,3.00,2.23,1.97,2.79,2.59
2019A,LGST813001,LEG ASP ENTREPRENRSHP,"BORGHESE,ROBERT J.",3.40,3.50,3.65,3.43,3.44,2.80,3.55,2.71,2.10,3.59,3.39
2019A,LGST898401,GLOBAL MODULAR: Conducting Business In Emerging Economies: Colombia,"NICHOLS,PHILIP M.",2.86,2.76,3.13,3.07,3.27,2.69,2.88,1.59,2.13,2.38,2.56
2019A,LSMP421301,LSMP CAPSTONE,"LAU,JOAN M",3.54,3.42,3.71,3.59,3.65,3.18,3.88,3.76,3.88,3.65,2.29
2019A,LSMP421301,LSMP CAPSTONE,"NICHTBERGER,STEVEN",3.54,3.46,3.71,3.65,3.53,3.18,3.88,3.76,3.88,3.65,2.29
2019A,MGMT101001,LECTURE: Introduction to Management,"HAAS,MARTINE",2.62,3.21,3.21,2.81,2.60,2.23,2.50,2.07,1.77,2.73,1.98
2019A,MGMT101002,LECTURE: Introduction to Management,"HAAS,MARTINE",2.56,3.14,3.10,2.82,2.54,2.07,2.56,1.78,1.62,2.69,2.14
2019A,MGMT101003,LECTURE: Introduction to Management,"HAAS,MARTINE",2.58,3.06,3.19,2.73,2.41,2.09,2.56,1.51,1.46,2.86,1.99
2019A,MGMT101201,INTRO TO MANAGEMENT,"SHUKLA,ANANT",3.19,3.63,3.45,3.14,3.32,2.68,2.73,1.73,1.73,3.14,2.23
2019A,MGMT101202,INTRO TO MANAGEMENT,"QIAN,ELIZABETH J.",2.92,3.24,3.43,3.19,2.81,2.81,2.52,1.81,1.62,2.52,1.71
2019A,MGMT101203,INTRO TO MANAGEMENT,"HARLOVIC,ROMAN",2.81,3.46,3.17,3.00,3.06,2.33,2.67,1.72,1.72,2.83,1.82
2019A,MGMT101204,INTRO TO MANAGEMENT,"KUNDRO,TIMOTHY G",2.96,3.83,3.75,3.84,3.65,2.50,2.78,1.55,1.32,2.79,2.32
2019A,MGMT101205,INTRO TO MANAGEMENT,"KUNDRO,TIMOTHY G",3.00,3.74,3.37,3.32,3.53,2.53,2.68,1.79,1.47,2.79,2.21
2019A,MGMT101206,INTRO TO MANAGEMENT,"HAMILTON,MICHAEL M",3.08,3.58,3.65,3.27,3.38,2.55,2.78,1.48,1.39,2.78,2.22
2019A,MGMT101207,INTRO TO MANAGEMENT,"BAKSHI,SOUMYADEEP",3.00,3.77,3.53,3.40,3.40,2.27,2.73,1.67,1.40,2.53,1.93
2019A,MGMT101208,INTRO TO MANAGEMENT,"JACOBSON,ROSS A",2.88,3.42,3.53,3.06,3.29,2.11,2.83,1.56,1.61,2.94,2.39
2019A,MGMT101209,INTRO TO MANAGEMENT,"HARLOVIC,ROMAN",2.69,3.54,3.58,3.25,3.20,2.35,2.55,1.80,1.70,2.90,1.85
2019A,MGMT101210,INTRO TO MANAGEMENT,"CHOI,JAEHO",2.43,3.00,2.56,2.53,3.00,2.47,2.47,2.00,1.58,2.74,1.84
2019A,MGMT101211,INTRO TO MANAGEMENT,"CHOI,JAEHO",2.73,3.44,3.25,3.16,3.15,2.85,2.80,1.90,1.42,2.60,2.00
2019A,MGMT101212,INTRO TO MANAGEMENT,"QIAN,ELIZABETH J.",2.56,3.44,3.55,3.05,3.06,1.84,2.40,1.55,1.40,2.84,2.00
2019A,MGMT101213,INTRO TO MANAGEMENT,"COUTIFARIS,CONSTANTINOS",3.00,3.68,3.31,3.06,3.13,2.31,2.81,2.00,1.81,2.56,1.69
2019A,MGMT101214,INTRO TO MANAGEMENT,"COUTIFARIS,CONSTANTINOS",2.85,3.73,3.73,3.48,3.59,2.39,2.83,1.57,1.52,2.87,2.22
2019A,MGMT104001,INDUS REL & HUM RES MGMT,"MC CAFFREY,SARA JANE",2.79,3.33,3.16,2.84,3.40,2.64,2.76,1.96,2.40,2.71,1.92
2019A,MGMT104002,INDUS REL & HUM RES MGMT,"MC CAFFREY,SARA JANE",2.44,2.85,2.91,2.21,3.13,2.20,2.48,2.23,2.56,2.11,1.41
2019A,MGMT104003,INDUS REL & HUM RES MGMT,"MC CAFFREY,SARA JANE",2.74,3.07,3.08,2.54,3.16,2.52,2.76,2.28,2.68,2.72,2.00
2019A,MGMT111001,MULTINATIONAL MANAGEMENT,"TSCHOEGL,ADRIAN E.",2.75,3.10,3.24,2.96,3.64,2.76,3.04,3.04,3.24,2.92,2.28
2019A,MGMT208001,MNGING GLOB & ANTI-GLOB: Managing Globalization & Anti-Globalization,"ORENSTEIN,MITCHELL A.",2.80,2.80,2.80,2.80,3.11,2.70,2.90,2.30,2.80,2.90,2.60
2019A,MGMT209001,POL & SOC ENVIRON OF MM,"HENISZ,WITOLD JERZY",3.27,3.45,3.30,3.20,3.33,2.60,3.22,3.00,3.00,3.20,2.90
2019A,MGMT223001,BUSINESS STRATEGY,"MENON,ANOOP R.",3.38,3.60,3.57,3.62,3.06,3.30,3.24,2.97,2.86,3.38,2.92
2019A,MGMT224001,LEADING DIVERSITY IN ORG,"CREARY,STEPHANIE JOYCE",3.35,3.52,3.62,3.48,2.95,3.43,3.10,1.71,1.81,3.33,3.19
2019A,MGMT224003,LEADING DIVERSITY IN ORG,"CREARY,STEPHANIE JOYCE",2.69,3.19,2.97,2.94,2.78,2.64,2.48,1.33,1.64,2.82,2.85
2019A,MGMT230001,ENTREPRENEURSHIP,"WRY,TYLER",3.05,3.46,3.37,3.44,3.46,2.26,2.98,2.28,2.43,3.24,2.67
2019A,MGMT237001,MANAGEMENT OF TECHNOLOGY,"CHAUDHURI,SAIKAT",2.96,3.25,3.22,3.05,2.86,2.68,2.68,2.46,2.34,2.79,2.11
2019A,MGMT240001,GROUP DYNAMICS,"FRIEDMAN,STEWART D",3.80,3.90,3.56,3.56,3.56,3.22,3.56,2.67,3.33,3.33,3.22
2019A,MGMT248001,How to be the Boss,"CAPPELLI,PETER",2.44,3.02,2.86,2.67,2.34,1.64,2.31,1.71,1.86,2.57,2.40
2019A,MGMT264001,VEN CAPITAL & ENT MGMT,"SAMMUT,STEPHEN M",3.26,3.48,3.13,3.06,2.88,2.50,3.00,2.00,2.00,3.06,2.63
2019A,MGMT291411,NEGOTIATIONS,"WEIGELT,KEITH W",1.90,1.98,2.08,2.12,2.11,1.83,1.86,1.08,1.03,2.30,2.24
2019A,MGMT291412,NEGOTIATIONS,"ARNETT,RACHEL D.",3.66,3.61,3.60,3.63,3.08,2.72,3.62,1.70,1.72,3.60,3.65
2019A,MGMT301401,TMWRK & INTRPER INFLUENC,"CARTON,ANDREW M.",2.53,3.35,3.10,2.79,3.00,2.45,2.55,1.62,1.66,2.59,2.21
2019A,MGMT301402,TMWRK & INTRPER INFLUENC,"CARTON,ANDREW M.",3.22,3.26,3.57,3.21,3.15,3.07,3.14,1.57,1.86,3.00,2.64
2019A,MGMT301403,TMWRK & INTRPER INFLUENC,"CARTON,ANDREW M.",2.37,3.13,2.63,2.50,2.81,2.03,2.19,1.81,1.78,2.09,1.81
2019A,MGMT301404,TMWRK & INTRPER INFLUENC,"CARTON,ANDREW M.",2.65,3.26,3.00,2.75,2.63,2.44,2.33,1.38,1.13,2.31,1.75
2019A,MGMT611002,MANAGING EST ENTERPRISE: Managing the Established Enterprise,"USEEM,MICHAEL",2.03,2.14,2.23,1.77,2.50,2.10,1.60,1.67,2.03,2.07,1.90
2019A,MGMT611002,MANAGING EST ENTERPRISE: Managing the Established Enterprise,"ZHAO,MINYUAN",2.46,2.97,2.81,2.77,3.10,2.29,2.52,1.94,2.33,2.58,2.42
2019A,MGMT612001,MANAGING EMERG ENTRPRSE: Managing the Emerging Enterprise,"MACDUFFIE,JOHN PAUL",2.38,2.66,2.78,2.22,3.23,2.48,2.19,1.96,2.11,2.35,2.00
2019A,MGMT612001,MANAGING EMERG ENTRPRSE: Managing the Emerging Enterprise,"HSU,DAVID H",2.68,3.00,2.97,2.68,2.94,2.70,2.30,1.86,2.43,2.76,2.54
2019A,MGMT612002,MANAGING EMERG ENTRPRSE: Managing the Emerging Enterprise,"MACDUFFIE,JOHN PAUL",2.21,2.50,2.38,2.20,2.92,2.23,2.08,1.69,2.12,2.15,2.16
2019A,MGMT612002,MANAGING EMERG ENTRPRSE: Managing the Emerging Enterprise,"HSU,DAVID H",2.88,3.10,3.20,3.08,2.86,2.93,2.68,1.95,2.23,2.92,2.80
2019A,MGMT612003,MANAGING EMERG ENTRPRSE: Managing the Emerging Enterprise,"MACDUFFIE,JOHN PAUL",2.09,2.39,2.68,2.13,2.96,2.07,1.97,1.77,2.14,1.97,1.90
2019A,MGMT612003,MANAGING EMERG ENTRPRSE: Managing the Emerging Enterprise,"HSU,DAVID H",2.83,3.23,3.21,3.05,3.18,3.00,2.60,1.98,2.16,2.93,2.66
2019A,MGMT624001,LEADING DIVERSITY IN ORG,"CREARY,STEPHANIE JOYCE",2.57,3.26,3.29,3.03,3.19,2.50,2.54,1.56,1.94,3.06,2.97
2019A,MGMT625002,CORP. GOVERNANCE EXEC,"MCDONNELL,MARY-HUNTER",2.89,3.35,3.36,3.31,2.92,2.78,2.73,1.65,1.72,3.02,2.65
2019A,MGMT656001,GLOBAL IMMERSION PROGRAM: East Asia,"MILLER,AMY L",3.60,3.38,3.77,3.68,3.33,3.10,3.54,1.00,1.04,3.50,3.42
2019A,MGMT656002,GLOBAL IMMERSION PROGRAM: South Korea,"MILLER,AMY L",3.65,3.57,3.73,3.50,3.40,2.91,3.14,0.67,0.71,3.57,3.50
2019A,MGMT656003,GLOBAL IMMERSION PROGRAM: Africa,"MILLER,AMY L",2.14,2.74,2.50,2.63,2.65,2.00,2.68,1.17,1.27,2.71,2.81
2019A,MGMT671001,EXECUTIVE LEADERSHIP,"FRIEDMAN,STEWART D.",2.73,2.96,2.88,2.33,3.22,2.42,2.82,1.94,2.94,2.70,2.55
2019A,MGMT691412,NEGOTIATIONS,"ARNETT,RACHEL D.",3.00,2.87,2.88,2.85,3.16,2.31,3.15,1.82,1.97,3.35,3.27
2019A,MGMT691413,NEGOTIATIONS,"ARNETT,RACHEL D.",2.74,2.60,2.82,2.68,3.11,2.59,2.93,1.68,1.86,2.89,2.86
2019A,MGMT691751,NEGOTIATIONS,"CAPPELLI,PETER",2.81,2.95,3.13,2.77,3.00,2.51,2.90,2.00,2.53,2.97,3.00
2019A,MGMT701001,STRAT & COMPET ADVANTAGE,"MENON,ANOOP R.",2.96,3.13,3.20,2.98,3.00,2.90,2.90,2.66,2.83,3.05,2.76
2019A,MGMT701002,STRAT & COMPET ADVANTAGE,"MENON,ANOOP R.",2.75,2.91,2.94,2.96,2.68,2.94,2.93,2.59,2.71,3.04,2.77
2019A,MGMT701701,STRAT & COMPET ADVANTAGE,"MARCIANO,SONIA",3.47,3.65,3.88,3.85,3.54,3.46,3.50,2.08,2.00,3.58,3.54
2019A,MGMT712001,MNG STRAT PARTNERSHIPS: Managing Strategic Partnerships,"CHAUDHURI,SAIKAT",3.24,3.50,3.45,3.36,3.25,2.95,2.86,2.31,2.71,3.19,2.90
2019A,MGMT712003,MNG STRAT PARTNERSHIPS: Managing Strategic Partnerships,"CHAUDHURI,SAIKAT",3.27,3.55,3.62,3.39,3.24,2.89,3.07,2.17,2.46,3.46,3.16
2019A,MGMT714401,VALUE CREATION & VAL CAP: Value Creation and Value Capture in American Business History,"RAFF,DANIEL M.G.",2.05,2.10,2.28,1.89,2.50,1.94,1.89,2.28,2.82,1.94,1.50
2019A,MGMT717001,DEALS: ECON STRUC TRANS,"RAFF,DANIEL M.G.",2.18,2.00,2.25,2.08,3.25,2.67,2.42,2.42,2.18,2.25,1.75
2019A,MGMT720001,CORPORATE DIPLOMACY,"HENISZ,WITOLD JERZY",3.18,3.58,3.53,3.41,3.25,2.72,3.03,2.47,2.91,3.22,2.97
2019A,MGMT721701,CORP DEV: MERG & ACQUIS,"SINGH,HARBIR",2.12,2.43,2.26,2.03,2.95,2.61,2.18,1.89,2.61,2.00,1.79
2019A,MGMT729402,INTEL PROPERTY STRATEGY,"WEINER,STEVEN S",2.38,2.72,2.74,2.22,2.55,2.45,2.48,2.04,2.35,2.17,1.96
2019A,MGMT731701,TECHNOLOGY STRATEGY,"KAPOOR,RAHUL",3.19,3.19,3.30,3.25,3.16,3.15,3.10,2.45,2.65,3.05,2.65
2019A,MGMT731751,TECHNOLOGY STRATEGY,"KAPOOR,RAHUL",3.13,3.23,3.46,3.25,3.00,3.25,3.08,2.13,2.42,3.08,2.63
2019A,MGMT765751,VENTURE CAPITAL & ENT MG: Practices & Institutions of Silicon Valley,"AMIT,RAPHAEL",3.50,3.40,3.33,3.40,3.31,3.13,3.33,1.87,2.40,3.60,3.13
2019A,MGMT765751,VENTURE CAPITAL & ENT MG: Practices & Institutions of Silicon Valley,"COLLOM,DOUGLAS H.",3.50,3.53,3.67,3.60,3.54,3.13,3.33,1.87,2.40,3.60,3.13
2019A,MGMT773751,MANAGING ORG CHANGE,"POTTRUCK,DAVID S.",3.76,3.78,3.94,3.94,3.39,3.60,3.76,2.09,2.80,3.69,3.63
2019A,MGMT793401,PEOPLE ANAYLTICS,"BIDWELL,MATTHEW",2.94,3.47,3.47,3.13,3.45,2.75,3.09,2.63,2.65,3.16,2.67
2019A,MGMT793403,PEOPLE ANAYLTICS,"BIDWELL,MATTHEW",2.93,3.35,3.41,3.17,3.43,2.57,2.91,2.44,2.30,3.24,2.91
2019A,MGMT794002,UNDERSTANDING CAREERS,"BIDWELL,MATTHEW",3.15,3.42,3.35,3.30,3.05,2.89,2.83,1.41,2.22,3.15,3.18
2019A,MGMT794004,UNDERSTANDING CAREERS,"BIDWELL,MATTHEW",3.23,3.68,3.60,3.50,3.28,2.81,2.91,1.62,2.15,3.13,3.06
2019A,MGMT794006,UNDERSTANDING CAREERS,"BIDWELL,MATTHEW",2.94,3.44,3.51,3.26,3.26,2.86,2.77,1.74,2.13,3.18,3.18
2019A,MGMT801001,ENTREPRENEURSHIP,"MOLLICK,ETHAN",2.48,2.75,2.90,2.88,2.52,2.30,2.46,1.92,2.42,2.90,2.44
2019A,MGMT801002,ENTREPRENEURSHIP,"MOLLICK,ETHAN",3.19,3.53,3.61,3.58,3.00,3.14,3.23,2.09,2.50,3.39,3.09
2019A,MGMT801003,ENTREPRENEURSHIP,"MOLLICK,ETHAN",2.44,2.75,2.95,2.89,2.46,2.51,2.53,2.00,2.24,2.83,2.35
2019A,MGMT801004,ENTREPRENEURSHIP,"MOLLICK,ETHAN",2.79,3.14,3.19,3.38,2.69,2.82,2.79,1.98,2.51,3.26,2.66
2019A,MGMT802001,"INNOV, CHG AND ENT","MOLLICK,ETHAN",3.05,3.05,3.18,3.12,2.82,2.63,2.94,2.06,2.59,3.24,2.65
2019A,MGMT802002,"INNOV, CHG AND ENT","MOLLICK,ETHAN",3.16,3.20,2.86,3.16,2.74,2.27,2.89,2.21,2.37,3.13,2.53
2019A,MGMT804001,VENTURE CAP & ENT MGMT,"SAMMUT,STEPHEN M",2.48,2.53,2.58,2.43,3.23,2.40,2.52,2.87,3.10,2.61,2.23
2019A,MGMT804002,VENTURE CAP & ENT MGMT,"SAMMUT,STEPHEN M",2.22,2.35,2.32,1.87,2.74,2.29,2.58,2.89,3.27,2.46,2.05
2019A,MGMT804701,VENTURE CAP & ENT MGMT,"AMIT,RAPHAEL H",2.62,1.74,2.03,1.97,1.97,2.73,2.80,2.31,2.38,2.73,2.07
2019A,MGMT804701,VENTURE CAP & ENT MGMT,"COLLOM,DOUGLAS",2.62,2.44,2.50,2.50,2.27,2.73,2.80,2.31,2.38,2.73,2.07
2019A,MGMT804751,VENTURE CAP & ENT MGMT,"AMIT,RAPHAEL",2.90,2.85,2.85,2.94,2.72,2.91,2.94,2.38,2.61,3.09,2.50
2019A,MGMT804751,VENTURE CAP & ENT MGMT,"COLLOM,DOUGLAS H.",2.90,3.12,3.29,3.09,2.94,2.91,2.94,2.38,2.61,3.09,2.50
2019A,MGMT806401,VENTURE IMPLEMENTATION,"WRY,TYLER",3.11,3.39,3.53,3.53,3.67,3.00,3.40,1.93,2.40,3.60,2.93
2019A,MGMT806402,VENTURE IMPLEMENTATION,"WRY,TYLER",2.89,3.00,2.75,2.60,3.20,2.00,2.40,1.60,2.00,3.40,2.80
2019A,MGMT809001,PRIVATE EQUITY IN EMERGING MARKETS,"TROPPER,PETER L",2.73,2.92,3.02,2.76,3.24,2.87,2.57,1.96,2.57,2.73,2.30
2019A,MGMT809751,PRIV. EQUITY EMERG. MAR,"SAMMUT,STEPHEN M",2.33,2.58,2.55,2.09,3.09,2.45,2.18,2.00,2.09,2.18,2.09
2019A,MGMT811001,ENTREP THROUGH ACQUIS.: ENTREPRENEURSHIP THROUGH ACQUISITIONS,"CHALFIN,ROBERT J",1.97,2.44,2.31,2.19,3.23,2.04,1.62,1.69,1.69,2.00,1.62
2019A,MGMT811002,ENTREPRENEURSHIP THROUGH ACQUSITIONS,"CHALFIN,ROBERT J",2.27,2.50,2.59,2.77,3.37,2.26,2.28,1.84,2.00,2.19,2.05
2019A,MGMT816001,BUILDING HUMAN ASSETS,"CAPPELLI,PETER",2.35,2.67,2.74,2.52,2.92,2.24,2.40,1.76,1.90,2.52,2.07
2019A,MGMT833401,STRAT & PRAC OF FAMILY,"ALEXANDER,WILLIAM H",2.98,3.21,3.26,2.91,3.47,3.03,3.09,1.76,2.26,3.18,2.91
2019A,MGMT892001,ADV STUDY-ORGAN EFFECT: Collaborative Innovation Program,"FADEM,TERRY J",2.17,2.37,2.42,2.24,2.38,1.84,2.12,2.55,2.71,2.22,2.10
2019A,MGMT896001,DECISION MAKING LDRSHIP: Decision Making in the Leadership Chair,"LAUDER,WILLIAM P",3.53,3.12,3.11,3.39,2.26,3.13,3.35,1.68,1.74,3.68,3.63
2019A,MGMT897003,GLOBAL MODULAR COURSE A: Sustaining National Competitivness by Leveraging Capabilities: Japan,"MACDUFFIE,JOHN PAUL",3.05,3.48,3.47,3.37,3.72,3.44,3.11,2.00,2.58,3.11,3.12
2019A,MGMT897401,"GLOBAL MODULAR COURSE A: Lesson from Israeli Innovation, Tel Aviv","HSU,DAVID H.",3.30,2.91,2.67,2.57,3.16,2.35,3.00,1.86,1.95,2.81,2.71
2019A,MGMT897402,GLOBAL MODULAR COURSE A: Managing in Emerging Economies:Brazil's Economic Recovery & Corp Champions,"GUILLEN,MAURO F.",3.61,3.57,3.47,3.47,3.39,2.47,3.44,2.16,2.32,3.37,3.37
2019A,MKTG101001,LECTURE,"NIEDERMEIER,KEITH E.",2.49,2.85,3.01,2.78,1.99,2.28,2.66,2.07,1.87,2.90,2.35
2019A,MKTG101002,LECTURE,"NIEDERMEIER,KEITH E.",2.74,3.01,3.19,2.94,1.93,2.43,2.80,2.29,1.99,2.93,2.48
2019A,MKTG101201,INTRO TO MARKETING,"UGHWANUGHU,AGHOGHO",2.43,2.67,2.88,3.20,2.56,2.38,2.38,2.31,2.38,2.33,1.93
2019A,MKTG101202,INTRO TO MARKETING,"KAPP,LISA",2.32,3.12,2.94,2.65,2.75,2.71,2.41,2.53,2.00,2.47,2.18
2019A,MKTG101203,INTRO TO MARKETING,"ERDOS,JULIO",2.52,3.16,3.48,3.10,2.86,2.33,2.71,2.19,2.29,2.71,2.10
2019A,MKTG101204,INTRO TO MARKETING,"PORTERFIELD,KALIE",2.48,2.78,2.89,2.50,2.83,2.83,2.72,2.00,1.67,2.61,2.33
2019A,MKTG101205,INTRO TO MARKETING,"GORBOVITSKY,STAS",1.89,2.42,2.55,2.18,3.09,2.64,2.27,2.55,2.18,3.00,1.64
2019A,MKTG101206,INTRO TO MARKETING,"NOVAK,JESSICA RUTH",2.64,3.09,3.00,2.75,2.75,2.56,2.56,2.38,2.13,2.81,2.38
2019A,MKTG101207,INTRO TO MARKETING,"YAN,YAN",2.42,3.33,3.06,2.28,2.83,2.22,2.22,2.11,1.89,2.72,1.94
2019A,MKTG101208,INTRO TO MARKETING,"SCHOPPA,MELINA NOELLE",2.86,3.00,2.88,2.65,2.88,2.75,2.94,2.19,2.25,2.88,2.73
2019A,MKTG101209,INTRO TO MARKETING,"COHEN,LISA",2.67,3.09,2.93,2.71,3.07,2.00,2.71,1.79,1.64,2.57,2.29
2019A,MKTG101210,INTRO TO MARKETING,"BRENNER,JOSHUA",2.91,3.18,3.18,2.76,3.00,2.71,2.88,1.88,1.76,3.24,2.82
2019A,MKTG101211,INTRO TO MARKETING,"COHEN,LISA",3.05,3.50,3.53,3.42,3.26,2.79,3.37,2.37,2.00,3.26,3.00
2019A,MKTG101212,INTRO TO MARKETING,"KAPP,LISA",2.86,3.14,3.21,3.22,2.84,2.95,2.95,2.32,2.11,3.00,2.58
2019A,MKTG101213,INTRO TO MARKETING,"SCHOPPA,MELINA NOELLE",2.10,2.76,3.00,2.70,2.82,2.36,2.27,1.91,1.82,2.73,2.55
2019A,MKTG101214,INTRO TO MARKETING,"BRENNER,JOSHUA",3.09,3.21,3.17,2.94,3.28,2.44,2.94,2.53,2.33,2.94,2.61
2019A,MKTG101215,INTRO TO MARKETING,"PORTERFIELD,KALIE",2.58,2.75,2.95,2.47,2.37,2.42,2.41,2.11,1.95,3.06,2.22
2019A,MKTG101216,INTRO TO MARKETING,"NOVAK,JESSICA RUTH",3.04,3.38,3.16,3.05,2.58,2.63,3.05,2.26,2.26,3.11,2.63
2019A,MKTG101217,INTRO TO MARKETING,"YAN,YAN",2.71,3.13,3.28,2.61,2.44,2.61,2.61,1.71,1.56,3.00,2.88
2019A,MKTG101218,INTRO TO MARKETING,"ERDOS,JULIO",2.83,3.13,3.11,2.94,3.06,2.89,2.72,2.50,2.35,3.00,2.50
2019A,MKTG101219,INTRO TO MARKETING,"GORBOVITSKY,STAS",2.60,2.80,3.00,2.73,3.00,2.60,2.87,2.40,2.40,3.20,2.40
2019A,MKTG101220,INTRO TO MARKETING,"UGHWANUGHU,AGHOGHO",2.94,3.50,3.31,3.38,2.69,2.92,2.92,2.00,1.85,3.00,2.38
2019A,MKTG211001,CONSUMER BEHAVIOR,"SHARIF,MARISSA A.",3.32,3.63,3.46,3.47,2.79,2.34,3.11,1.35,1.60,3.37,3.33
2019A,MKTG211002,CONSUMER BEHAVIOR,"SHARIF,MARISSA A.",3.28,3.59,3.59,3.49,2.92,2.71,3.16,1.23,1.44,3.40,3.29
2019A,MKTG211003,CONSUMER BEHAVIOR,"SHARIF,MARISSA A.",3.27,3.60,3.69,3.58,2.92,2.36,3.20,1.24,1.42,3.45,3.22
2019A,MKTG212001,Data and Analysis for Marketing Decisions,"DEW,RYAN",3.20,3.56,3.47,3.21,3.24,2.59,3.36,2.03,2.14,3.30,2.64
2019A,MKTG212002,Data and Analysis for Marketing Decisions,"NAVE,GIDEON",2.80,3.00,2.68,2.76,2.48,1.92,2.68,2.60,2.32,2.80,1.96
2019A,MKTG212003,Data and Analysis for Marketing Decisions,"DEW,RYAN",3.28,3.59,3.61,3.22,3.44,2.98,3.26,2.33,2.24,3.26,2.54
2019A,MKTG221001,NEW PRODUCT MANAGEMENT,"RAFIEIAN KOOPAEI,HOORI",3.28,3.54,3.43,3.38,3.40,2.76,3.00,0.83,1.40,3.10,2.97
2019A,MKTG225001,PRINCIPLES OF RETAILING,"KLEINBERGER,HERBERT J",2.23,2.45,2.37,1.86,2.31,2.29,2.15,2.59,2.51,2.24,1.80
2019A,MKTG270001,"Digital Marketing, Social Media and E-Commerce","BERMAN,RON",3.14,3.32,3.16,3.18,3.02,2.73,3.03,2.31,2.10,3.09,2.52
2019A,MKTG277001,MARKETING STRATEGY,"YILDIRIM,PINAR",2.82,3.03,2.86,2.79,3.03,2.73,2.87,1.73,1.83,3.00,2.70
2019A,MKTG277002,MARKETING STRATEGY,"YILDIRIM,PINAR",2.96,3.09,2.95,2.79,3.23,2.82,2.62,1.10,1.59,2.77,2.64
2019A,MKTG278001,Strategic Brand Management,"WILLIAMS,PATTI",3.40,3.56,3.63,3.65,3.12,3.08,3.24,2.29,2.31,3.50,3.16
2019A,MKTG288001,PRICING STRATEGIES,"ZHANG,Z. JOHN",2.95,3.05,2.72,2.83,3.17,2.33,2.78,2.11,2.00,2.78,2.28
2019A,MKTG612002,DYNAMIC MKTG STRATEGY,"VAN DEN BULTE,CHRISTOPHE",2.02,2.07,2.36,2.11,2.39,2.28,2.19,2.50,2.22,2.23,1.83
2019A,MKTG612004,DYNAMIC MKTG STRATEGY,"VAN DEN BULTE,CHRISTOPHE",1.79,1.78,1.87,1.74,2.36,1.93,1.61,2.29,2.10,1.74,1.39
2019A,MKTG612006,DYNAMIC MKTG STRATEGY,"VAN DEN BULTE,CHRISTOPHE",2.06,2.02,2.12,2.14,2.44,2.00,2.02,2.41,2.29,2.05,1.62
2019A,MKTG612008,DYNAMIC MKTG STRATEGY,"VAN DEN BULTE,CHRISTOPHE",1.63,1.90,1.70,1.96,2.45,1.91,1.65,2.70,2.18,1.50,1.36
2019A,MKTG613005,STRATGIC MKTG SIMULATION,"REIBSTEIN,DAVID J.",3.33,3.63,3.64,3.69,3.40,2.67,3.18,2.55,2.87,3.22,3.16
2019A,MKTG613007,STRATGIC MKTG SIMULATION,"REIBSTEIN,DAVID J.",3.46,3.59,3.58,3.70,3.40,2.79,3.28,2.66,2.76,3.31,3.20
2019A,MKTG613701,STRATGIC MKTG SIMULATION,"REIBSTEIN,DAVID J.",3.48,3.65,3.55,3.56,3.40,2.62,3.47,2.84,2.79,3.40,3.24
2019A,MKTG613702,STRATGIC MKTG SIMULATION,"REIBSTEIN,DAVID J.",3.44,3.51,3.58,3.48,3.37,2.60,3.39,2.60,2.78,3.32,3.23
2019A,MKTG711001,CONSUMER BEHAVIOR,"REED,AMERICUS",2.30,2.50,2.86,2.57,3.57,2.57,2.43,2.43,2.43,2.29,2.14
2019A,MKTG711002,CONSUMER BEHAVIOR,"REED,AMERICUS",2.43,2.93,3.18,3.27,3.45,2.36,2.40,1.91,2.09,2.91,2.30
2019A,MKTG711751,CONSUMER BEHAVIOR,"NIEDERMEIER,KEITH E.",3.33,3.47,3.56,3.24,3.18,3.11,3.11,2.28,2.17,3.33,2.89
2019A,MKTG712001,Data and Analysis for Marketing Decisions,"NAVE,GIDEON",2.20,2.35,2.35,2.17,2.77,1.86,2.70,2.13,2.13,2.57,2.00
2019A,MKTG712002,Data and Analysis for Marketing Decisions,"NAVE,GIDEON",2.76,2.61,2.79,2.74,3.16,2.61,3.15,2.09,2.15,2.94,2.38
2019A,MKTG721001,NEW PRODUCT MANAGEMENT,"RAFIEIAN KOOPAEI,HOORI",0.81,1.04,1.27,0.92,2.29,1.08,0.87,0.66,1.18,0.76,0.68
2019A,MKTG725001,PRINCIPLES OF RETAILING,"KLEINBERGER,HERBERT J",2.76,3.02,3.07,2.53,3.00,2.93,2.51,1.76,2.04,2.80,2.29
2019A,MKTG737401,Introduction to Brain Science for Business,"PLATT,MICHAEL LOUIS",2.17,2.60,2.72,2.63,2.45,1.87,2.43,1.93,1.67,2.31,2.16
2019A,MKTG737403,Introduction to Brain Science for Business,"PLATT,MICHAEL LOUIS",2.59,3.08,3.23,2.80,2.78,2.13,2.66,1.85,1.55,2.69,2.40
2019A,MKTG754002,PRICING POLICY,"ZHANG,Z. JOHN",1.37,1.54,1.63,1.61,1.72,1.72,1.26,1.41,1.27,1.42,1.07
2019A,MKTG754402,PRICING POLICY,"ZHANG,Z. JOHN",1.94,2.20,2.52,2.52,2.08,2.07,2.20,1.65,1.43,2.28,1.70
2019A,MKTG754701,PRICING POLICY,"RAJU,JAGMOHAN SINGH",3.62,3.72,3.68,3.65,3.15,2.92,3.38,2.81,3.12,3.69,3.27
2019A,MKTG770001,"Digital Marketing, Social Media and E-Commerce","BERMAN,RON",2.98,3.20,3.15,3.15,3.02,2.85,2.96,1.98,2.04,3.17,2.67
2019A,MKTG776401,APPL PROB MODELS MKTG,"FADER,PETER S",3.60,3.67,3.70,3.64,3.55,3.29,3.73,3.74,3.53,3.56,2.78
2019A,MKTG776402,APPL PROB MODELS MKTG,"FADER,PETER S",3.51,3.85,3.66,3.71,3.15,2.96,3.57,3.60,3.55,3.45,2.62
2019A,MKTG776403,APPL PROB MODELS MKTG,"FADER,PETER S",3.48,3.54,3.87,3.67,3.46,3.20,3.65,3.69,3.56,3.62,2.90
2019A,MKTG777001,MARKETING STR,"YILDIRIM,PINAR",1.90,2.44,2.33,2.04,3.16,2.26,1.96,1.49,1.77,2.11,1.76
2019A,MKTG778001,Strategic Brand Management,"WILLIAMS,PATTI",2.95,3.32,3.38,3.19,3.24,2.85,2.79,1.54,1.96,3.42,2.75
2019A,MKTG806402,Special Topics: Retail Merchandising,"ESHELMAN,BRYAN QUINN",2.81,3.22,3.22,2.83,2.91,2.53,2.61,1.81,1.72,3.00,2.33
2019A,MKTG850402,Special Topics - Consumer Neuroscience,"SULLIVAN,NICOLETTE J",2.42,2.65,2.71,2.71,3.09,2.39,2.58,1.84,1.96,2.29,2.08
2019A,MKTG850404,Special Topics - Consumer Neuroscience,"SULLIVAN,NICOLETTE J",2.87,2.94,3.17,3.14,3.17,2.45,2.87,2.00,1.97,2.70,2.50
2019A,MKTG854401,Special Topics: Visual Marketing,"KAHN,BARBARA E",2.30,2.64,2.88,2.90,2.30,2.41,2.67,1.61,1.73,2.55,2.18
2019A,MKTG854401,Special Topics: Visual Marketing,"JOHNSON,ELIZABETH NAN",2.30,2.48,2.65,2.44,2.66,2.41,2.67,1.61,1.73,2.55,2.18
2019A,MKTG893401,Mktg in Emerging Economies: Understanding & Mktg to the Indian Consumer,"RAJU,JAGMOHAN SINGH",3.13,3.28,3.44,3.20,2.96,2.33,3.12,1.88,2.38,2.88,2.68
2019A,OIDD101001,Introduction to Operations and Information Management,"GALLINO,SANTIAGO",2.73,3.15,2.88,2.86,2.94,2.13,2.80,2.96,2.34,2.76,1.96
2019A,OIDD101002,INTRODUCTION TO OIDD: Introduction to Operations and Information Management,"CACHON,GERARD",2.64,3.13,3.02,2.71,2.75,2.17,2.90,2.86,2.36,2.72,1.87
2019A,OIDD101002,INTRODUCTION TO OIDD: Introduction to Operations and Information Management,"SAVIN,SERGEI",2.64,2.93,2.81,2.52,2.81,2.17,2.90,2.86,2.36,2.72,1.87
2019A,OIDD101201,RECITATION,"GALLINO,SANTIAGO",2.67,3.06,2.71,2.61,2.75,2.08,2.71,3.18,2.56,2.68,2.07
2019A,OIDD101202,RECITATION,"GALLINO,SANTIAGO",2.85,3.28,3.08,2.92,3.05,1.97,2.95,2.67,2.18,2.58,1.79
2019A,OIDD101203,RECITATION,"CACHON,GERARD",2.51,2.92,2.79,2.58,2.64,1.91,2.48,2.70,2.33,2.44,1.79
2019A,OIDD101203,RECITATION,"SAVIN,SERGEI",2.51,2.76,2.64,2.33,2.61,1.91,2.48,2.70,2.33,2.44,1.79
2019A,OIDD101204,RECITATION,"CACHON,GERARD",2.65,2.98,2.80,2.61,2.58,1.93,2.67,2.73,2.35,2.55,1.81
2019A,OIDD101204,RECITATION,"SAVIN,SERGEI",2.65,3.04,2.82,2.71,2.79,1.93,2.67,2.73,2.35,2.55,1.81
2019A,OIDD101205,RECITATION,"CACHON,GERARD",2.91,3.22,3.19,3.11,2.92,2.53,3.24,3.00,2.65,3.00,1.92
2019A,OIDD101205,RECITATION,"SAVIN,SERGEI",2.91,3.20,3.17,2.97,3.11,2.53,3.24,3.00,2.65,3.00,1.92
2019A,OIDD101206,RECITATION,"CACHON,GERARD",2.86,3.17,3.12,2.88,2.88,2.28,3.05,2.88,2.37,2.95,2.00
2019A,OIDD101206,RECITATION,"SAVIN,SERGEI",2.86,3.08,2.83,2.53,2.93,2.28,3.05,2.88,2.37,2.95,2.00
2019A,OIDD101207,RECITATION,"GALLINO,SANTIAGO",3.02,3.32,3.07,3.07,3.20,2.15,3.23,3.05,2.44,2.88,2.05
2019A,OIDD101208,RECITATION,"GALLINO,SANTIAGO",2.93,3.39,2.86,2.82,2.96,2.19,2.64,2.67,2.29,2.67,1.96
2019A,OIDD201001,"TECH MGMT, INFO & D ECON","CLEMONS,ERIC K",3.00,3.25,2.83,3.00,3.58,2.17,3.08,2.42,2.58,3.08,2.67
2019A,OIDD210001,MANAGEMENT INFO SYSTEMS,"CLEMONS,ERIC K",2.76,3.12,2.86,3.07,3.29,3.07,3.07,2.07,2.07,3.21,2.64
2019A,OIDD220001,INTRODUCTION TO OPERATIONS MANAGEMENT,"RIEDERS,MARIA",3.12,3.31,3.37,2.78,3.32,2.74,3.21,2.58,2.47,3.11,2.00
2019A,OIDD236001,SCAL OPS IN TECH VENTURE: Scaling Operations in Technology Ventures: Linking Strategy and Execution,"ALLON,GAD",3.76,3.87,3.77,3.88,3.75,3.44,3.63,2.71,2.60,3.67,3.48
2019A,OIDD245001,ANALYTICS & DIGITAL ECON: Analytics & the Digital Economy,"TAMBE,PRASANNA",3.54,3.54,3.35,3.47,3.50,2.83,3.65,2.56,2.81,3.61,3.38
2019A,OIDD245002,ANALYTICS & DIGITAL ECON: Analytics & the Digital Economy,"TAMBE,PRASANNA",3.72,3.78,3.65,3.65,3.48,2.86,3.78,2.61,3.22,3.73,3.43
2019A,OIDD245003,ANALYTICS & DIGITAL ECON: Analytics and the Digital Economy,"TAMBE,PRASANNA",3.66,3.69,3.59,3.57,3.59,2.97,3.69,2.76,3.04,3.62,3.24
2019A,OIDD261401,RISK ANALY & ENV MGMT: Risk Analysis and Environmental Management,"KUNREUTHER,HOWARD",1.76,2.26,2.09,1.78,2.73,2.09,1.96,1.43,2.13,2.14,1.74
2019A,OIDD261402,RISK ANALY & ENV MGMT: Risk Analysis and Environmental Management,"KUNREUTHER,HOWARD",2.18,2.47,2.44,2.28,2.69,2.19,2.38,2.13,2.13,2.22,1.75
2019A,OIDD290001,DECISION PROCESSES,"SU,XUANMING",2.86,2.98,2.85,2.68,2.34,3.00,2.95,2.23,1.77,2.84,2.76
2019A,OIDD290002,DECISION PROCESSES,"SU,XUANMING",2.96,3.04,3.13,2.92,2.27,3.00,2.87,1.82,1.55,3.14,2.95
2019A,OIDD290003,DECISION PROCESSES,"SU,XUANMING",3.08,3.36,3.33,3.00,2.55,3.00,2.93,1.80,1.33,3.15,2.98
2019A,OIDD292401,ADV TOPICS NEGOTIATION,"SCHWEITZER,MAURICE E.",3.32,3.31,3.44,3.08,2.96,3.04,3.16,1.80,1.56,3.40,3.28
2019A,OIDD311001,BUSINESS COMP LANGUAGES,"KIMBROUGH,STEVEN O",2.43,2.44,2.04,2.02,2.67,2.06,2.50,2.24,2.23,2.58,2.27
2019A,OIDD319001,"ADVANCED DECISION SYS: Advanced Decision Systems: Agents, Games, and Evolution","KIMBROUGH,STEVEN O",2.67,2.98,2.73,2.65,3.20,2.49,2.38,1.28,1.46,2.63,2.24
2019A,OIDD325001,COMP SIMULATION MODELS,"KIMBROUGH,STEVEN O",2.17,2.67,2.18,2.24,2.60,1.89,1.93,1.93,1.73,2.07,1.93
2019A,OIDD397402,RETAIL SUPP CHAIN MGMT,"FISHER,MARSHALL L.",2.66,2.68,2.92,2.37,2.95,2.89,2.37,1.63,2.00,2.76,2.13
2019A,OIDD397404,RETAIL SUPP CHAIN MGMT,"FISHER,MARSHALL L.",2.44,2.58,2.83,2.40,2.84,3.04,2.68,1.78,2.29,2.91,2.24
2019A,OIDD415401,PRODUCT DESIGN,"ULRICH,KARL T.",2.96,3.33,3.38,3.34,1.73,2.15,2.66,1.66,2.53,2.95,2.77
2019A,OIDD415411,RECITATION: Studio Recitation,"CAPUTO,TAYLOR C",2.83,3.05,2.93,2.72,3.03,2.17,2.36,1.90,2.52,2.48,2.45
2019A,OIDD415412,RECITATION: Studio Recitation,"CAPUTO,TAYLOR C",2.56,2.94,2.91,2.53,2.63,2.00,2.38,1.86,2.59,2.59,2.38
2019A,OIDD415413,RECITATION: Studio Recitation,"CAPUTO,TAYLOR C",2.91,3.39,3.17,2.74,2.93,2.15,2.28,1.83,2.48,2.69,2.48
2019A,OIDD415414,RECITATION: Studio Recitation,"CAPUTO,TAYLOR C",2.96,3.09,3.28,3.03,2.89,2.29,2.81,1.76,2.30,3.24,3.03
2019A,OIDD418401,INDIA STARTUP ECOSYSTEM: The India Startup Ecosystem: Field Project,"ULRICH,KARL T.",3.82,2.80,2.63,3.00,2.63,3.00,3.90,2.30,2.90,3.80,3.70
2019A,OIDD418401,INDIA STARTUP ECOSYSTEM: The India Startup Ecosystem: Field Project,"LEINWEBER,CLARE K",3.82,4.00,3.80,3.90,3.89,3.00,3.90,2.30,2.90,3.80,3.70
2019A,OIDD611002,QUALITY AND PRODUCTIVITY,"MARINESI,SIMONE",2.95,3.21,3.15,3.11,2.85,2.48,3.04,2.38,2.12,3.04,2.50
2019A,OIDD611004,QUALITY AND PRODUCTIVITY,"MARINESI,SIMONE",2.84,3.08,3.04,3.08,2.73,2.65,2.73,2.46,2.36,2.88,2.62
2019A,OIDD611006,QUALITY AND PRODUCTIVITY,"MARINESI,SIMONE",2.71,3.15,3.14,3.23,2.33,2.38,2.75,2.33,2.00,3.00,2.50
2019A,OIDD611701,QUALITY AND PRODUCTIVITY,"TERWIESCH,CHRISTIAN",3.45,3.62,3.57,3.62,3.25,3.08,3.25,2.80,2.61,3.27,3.00
2019A,OIDD611702,QUALITY AND PRODUCTIVITY,"TERWIESCH,CHRISTIAN",3.63,3.71,3.68,3.84,3.49,3.11,3.57,2.85,2.58,3.30,3.08
2019A,OIDD611751,QUALITY AND PRODUCTIVITY,"TERWIESCH,CHRISTIAN",3.57,3.73,3.80,3.78,3.16,3.11,3.40,2.48,2.44,3.24,2.98
2019A,OIDD611752,QUALITY AND PRODUCTIVITY,"TERWIESCH,CHRISTIAN",3.46,3.65,3.69,3.73,3.39,3.16,3.27,2.36,2.36,3.07,2.82
2019A,OIDD612001,BUSINESS ANALYTICS,"TSOUKALAS,GERRY",2.86,3.10,3.27,3.16,3.20,2.62,2.94,2.86,2.71,2.98,2.69
2019A,OIDD612002,BUSINESS ANALYTICS,"SAVIN,SERGEI",2.39,2.54,2.42,2.14,3.33,1.77,2.40,2.51,2.60,2.63,2.23
2019A,OIDD612003,BUSINESS ANALYTICS,"TSOUKALAS,GERRY",2.73,2.92,3.27,2.63,3.26,2.28,2.82,2.82,2.69,3.04,2.71
2019A,OIDD612004,BUSINESS ANALYTICS,"SAVIN,SERGEI",2.67,2.96,2.78,2.71,3.50,2.23,2.49,2.60,2.74,2.72,2.20
2019A,OIDD612005,BUSINESS ANALYTICS,"TSOUKALAS,GERRY",2.78,3.00,3.03,2.68,3.03,2.26,3.03,2.71,2.49,3.14,2.61
2019A,OIDD612006,BUSINESS ANALYTICS,"SAVIN,SERGEI",2.28,2.64,2.55,2.32,3.63,2.32,2.39,2.65,2.51,2.61,2.00
2019A,OIDD613001,INFO & BUS TRANSFRM,"CLEMONS,ERIC K",1.81,2.22,2.17,2.17,3.34,2.03,1.90,1.76,1.90,1.70,1.53
2019A,OIDD613002,INFO & BUS TRANSFRM,"CLEMONS,ERIC K",1.70,1.94,2.13,2.19,2.93,2.00,1.94,1.81,2.13,1.88,1.94
2019A,OIDD614001,INNOVATION,"NETESSINE,SERGUEI",3.02,3.21,3.30,3.40,2.53,2.55,2.77,1.91,2.05,3.05,2.93
2019A,OIDD614002,INNOVATION,"ULRICH,KARL T.",2.61,2.88,2.97,2.88,1.97,2.22,2.34,1.76,2.12,2.61,2.39
2019A,OIDD614003,INNOVATION,"NETESSINE,SERGUEI",2.87,3.29,3.27,3.51,2.68,2.62,2.78,1.59,1.98,3.07,2.85
2019A,OIDD614005,INNOVATION,"NETESSINE,SERGUEI",2.87,3.04,3.13,3.26,2.44,2.62,2.79,1.92,2.13,2.74,2.50
2019A,OIDD614007,INNOVATION,"ULRICH,KARL T.",2.82,3.12,3.29,3.21,2.71,2.33,2.77,2.31,3.07,2.93,2.64
2019A,OIDD615002,OPERATIONS STRATEGY,"MOON,KENNETH",1.91,2.13,2.09,1.70,2.41,1.91,2.00,2.41,2.12,1.88,1.42
2019A,OIDD615004,OPERATIONS STRATEGY,"MOON,KENNETH",2.47,2.63,2.51,2.39,2.86,2.37,2.42,2.59,2.35,2.63,2.13
2019A,OIDD615006,OPERATIONS STRATEGY,"MOON,KENNETH",2.36,2.51,2.52,1.88,2.64,2.08,2.24,2.76,2.48,2.21,1.88
2019A,OIDD615701,OPERATIONS STRATEGY,"VEERARAGHAVAN,SENTHIL",3.42,3.52,3.43,3.48,3.47,3.00,3.14,2.86,3.00,3.19,2.71
2019A,OIDD615702,OPERATIONS STRATEGY,"VEERARAGHAVAN,SENTHIL",3.18,3.47,3.40,3.37,3.63,3.03,3.17,2.90,2.67,2.90,2.63
2019A,OIDD615751,OPERATIONS STRATEGY,"ALLON,GAD",3.55,3.90,3.81,3.89,3.85,3.22,3.50,2.59,2.52,3.44,3.11
2019A,OIDD615752,OPERATIONS STRATEGY,"ALLON,GAD",3.38,3.76,3.79,3.71,3.79,2.92,3.21,2.75,2.61,3.25,2.96
2019A,OIDD636001,SCALING OPERATIONS: Scaling Operations: Linking Strategy and Execution,"ALLON,GAD",3.33,3.59,3.44,3.57,3.61,2.93,3.31,2.93,3.03,3.43,3.10
2019A,OIDD636002,SCALING OPERATIONS: Scaling Operations: Linking Strategy and Execution,"ALLON,GAD",3.46,3.64,3.67,3.80,3.80,3.24,3.57,2.85,3.20,3.65,3.33
2019A,OIDD642002,ANALYTICS FOR SERVICES,"GANS,NOAH F.",2.52,2.84,3.18,2.82,3.10,2.78,2.79,2.55,2.43,3.04,2.29
2019A,OIDD643002,ANALY FOR REVENUE MGMT,"GANS,NOAH F.",2.41,2.72,2.45,2.18,2.97,1.97,2.43,2.68,2.73,2.50,1.80
2019A,OIDD652001,DES&DEV WEB-BASED PROD: DESIGN & DEVELOPMENT OF WEB-BASED PRODUCTS AND SERVICES,"ULRICH,KARL T.",3.31,3.69,3.68,3.48,3.18,2.50,3.07,1.68,2.14,3.28,3.14
2019A,OIDD653701,MATH MDLNG APPL IN FNCE,"KATALAN,ZIV Z",3.22,3.61,2.86,3.64,3.86,2.75,3.29,3.71,3.43,2.85,1.71
2019A,OIDD680001,OPERATIONS STRATEGY: OPERATIONS STRATEGY PRACTICUM IN EUROPE,"COHEN,MORRIS A",2.86,2.79,3.22,2.89,3.00,2.67,3.22,1.89,2.00,3.11,2.78
2019A,OIDD690401,MANAG DECSN MAKING,"MILKMAN,KATHERINE L.",3.17,3.41,3.55,3.25,3.11,2.80,3.04,2.02,2.02,3.12,3.00
2019A,OIDD690402,MANAG DECSN MAKING,"MILKMAN,KATHERINE L.",3.17,3.25,3.51,3.33,3.14,3.07,3.04,1.96,2.15,3.29,3.16
2019A,OIDD691401,NEGOTIATIONS,"REES-JONES,ALEX R.",2.11,2.08,2.11,1.75,2.96,1.96,2.07,2.29,2.39,2.57,2.43
2019A,OIDD691402,NEGOTIATIONS,"REES-JONES,ALEX R.",2.16,1.84,2.00,1.65,2.83,2.03,2.18,1.97,2.32,2.35,2.35
2019A,OIDD691403,NEGOTIATIONS,"REES-JONES,ALEX R.",2.47,2.32,2.56,2.31,3.11,2.41,2.91,2.06,2.25,3.00,2.94
2019A,OIDD691701,NEGOTIATIONS,"SCHWEITZER,MAURICE E.",2.66,2.74,2.86,2.65,3.05,2.74,2.79,2.02,2.22,2.72,2.65
2019A,OIDD692401,ADV TOPICS NEGOTIATION,"SCHWEITZER,MAURICE E.",3.10,3.20,3.19,3.00,3.00,3.20,3.06,1.63,1.81,2.88,3.00
2019A,OIDD693401,INFLUENCE,"MASSEY,B. CADE",3.10,3.41,3.31,3.33,2.58,3.23,2.88,2.18,2.65,3.30,3.03
2019A,OIDD693403,INFLUENCE,"MASSEY,B. CADE",3.27,3.52,3.69,3.63,2.82,3.46,3.15,1.91,2.43,3.40,3.46
2019A,OIDD695001,SSF REGIONAL SEMINAR,"ULRICH,KARL T.",2.94,3.06,3.14,3.14,3.07,2.75,3.00,1.21,1.57,3.07,2.79
2019A,OIDD897401,GLOBAL SUPPLY CHAIN MGMT: GLOBAL SUPPLY CHAIN MANAGEMENT IN CHINA,"FISHER,MARSHALL L.",2.93,3.00,2.83,2.79,3.32,3.00,2.71,2.00,2.79,2.92,2.42
2019A,OIDD897401,GLOBAL SUPPLY CHAIN MGMT: GLOBAL SUPPLY CHAIN MANAGEMENT IN CHINA,"KEH,EDWIN YEEMAN",2.93,3.04,2.88,2.96,3.27,3.00,2.71,2.00,2.79,2.92,2.42
2019A,REAL205401,GLOBAL REAL ESTATE,"WONG,MAISY",2.82,3.20,3.26,2.97,3.62,2.74,3.11,2.42,2.42,2.97,2.62
2019A,REAL209401,REAL ESTATE INVESTMENTS,"SINAI,TODD M",3.05,3.11,3.14,2.57,2.50,2.71,3.36,3.29,3.07,3.21,2.64
2019A,REAL209403,REAL ESTATE INVESTMENTS,"SINAI,TODD M",3.40,3.44,3.61,3.39,3.50,2.78,3.67,3.50,3.50,3.50,2.78
2019A,REAL215401,URBAN REAL ESTATE ECON,"WACHTER,SUSAN M",2.22,2.15,2.12,1.91,2.12,2.00,2.32,2.53,2.56,2.12,1.41
2019A,REAL236401,INT'L HOUSING COMPARISNS,"WACHTER,SUSAN M",2.20,2.64,2.05,1.89,1.79,2.11,2.68,2.84,2.63,2.00,1.42
2019A,REAL721405,REAL ESTATE INVESTMENTS,"HANDBURY,JESSIE H.",2.96,3.09,3.00,2.66,3.68,2.48,3.11,3.20,3.07,3.27,2.43
2019A,REAL721406,REAL ESTATE INVESTMENTS,"HANDBURY,JESSIE H.",2.62,2.83,2.58,2.12,3.55,2.20,2.88,2.97,3.00,3.19,2.45
2019A,REAL721407,REAL ESTATE INVESTMENTS,"HANDBURY,JESSIE H.",2.55,2.61,2.63,2.33,3.43,2.17,2.75,2.79,2.92,2.79,2.38
2019A,REAL804402,REAL ESTATE LAW,"LEBOR,DAVID",2.50,2.80,2.76,2.92,2.78,2.27,2.86,2.08,1.62,2.65,1.95
2019A,REAL821401,REAL ESTATE DEVELOPMENT,"NAKAHARA,ASUKA",3.65,3.67,3.60,3.67,3.23,3.23,3.56,3.73,3.88,3.73,2.06
2019A,REAL840401,"ADV REAL EST INV, ANALYS","SINAI,TODD M",3.17,3.36,3.14,2.68,3.22,2.52,3.29,3.54,3.64,3.56,1.52
2019A,REAL891701,REAL ESTATE ENTREPRENEUR,"CHALFIN,ROBERT J",2.79,2.74,3.43,3.21,3.62,2.64,3.08,2.21,2.07,2.93,2.79
2019A,REAL891751,REAL ESTATE ENTREPRENEUR,"CHALFIN,ROBERT J",3.53,3.53,3.67,3.50,3.50,2.83,3.67,2.08,2.25,3.33,3.17
2019A,STAT101001,INTRO BUSINESS STAT,"HAMIDIEH,KAMAL",2.56,2.83,2.75,2.39,2.90,1.92,2.80,2.29,2.21,2.76,2.10
2019A,STAT101002,INTRO BUSINESS STAT,"HAMIDIEH,KAMAL",2.56,2.79,2.65,2.41,2.80,2.13,2.70,2.62,2.45,2.64,2.08
2019A,STAT101003,INTRO BUSINESS STAT,"HAMIDIEH,KAMAL",2.64,2.83,2.67,2.37,2.80,2.01,2.74,2.46,2.39,2.74,2.19
2019A,STAT102001,INTRO BUSINESS STAT,"KRIEGER,ABBA M",1.93,2.07,1.73,1.56,2.80,1.67,2.15,2.98,2.54,2.12,1.44
2019A,STAT102002,INTRO BUSINESS STAT,"KRIEGER,ABBA M",1.75,2.02,1.68,1.43,2.75,1.59,2.18,2.87,2.62,1.95,1.21
2019A,STAT102003,INTRO BUSINESS STAT,"KRIEGER,ABBA M",1.64,1.77,1.38,1.25,2.82,1.82,1.99,3.20,2.71,1.89,1.20
2019A,STAT111001,INTRODUCTORY STATISTICS,"EWENS,WARREN J.",2.78,3.01,3.00,2.44,2.70,2.70,2.88,2.12,2.01,2.68,2.38
2019A,STAT111002,INTRODUCTORY STATISTICS,"EWENS,WARREN J.",2.70,2.97,2.88,2.61,2.87,2.58,2.89,2.28,2.04,2.92,2.45
2019A,STAT111201,INTRODUCTORY STATISTICS,"KLEIDERMACHER,LAUREN E",2.81,2.77,2.58,2.19,2.31,2.23,2.59,2.52,2.27,2.48,2.11
2019A,STAT111202,INTRODUCTORY STATISTICS,"KLEIDERMACHER,LAUREN E",2.81,3.22,3.15,2.72,2.76,2.64,2.70,2.18,2.03,2.48,2.13
2019A,STAT111203,INTRODUCTORY STATISTICS,"YU,RUOQI",2.56,2.60,2.35,1.72,2.23,2.42,2.74,1.83,2.00,2.87,2.67
2019A,STAT111204,INTRODUCTORY STATISTICS,"YU,RUOQI",2.58,2.52,2.29,1.83,2.25,2.25,2.46,1.92,1.91,2.58,2.46
2019A,STAT111205,INTRODUCTORY STATISTICS,"MARCUS,MICHAEL BLAKE",2.79,2.86,3.00,2.67,2.60,2.31,2.97,2.26,2.06,3.00,2.48
2019A,STAT111206,INTRODUCTORY STATISTICS,"MARCUS,MICHAEL BLAKE",2.77,2.97,3.00,2.60,2.59,2.54,2.86,2.27,1.93,2.97,2.37
2019A,STAT111207,INTRODUCTORY STATISTICS,"HUANG,MO",2.84,2.88,2.87,2.23,2.74,2.38,2.61,2.42,2.19,2.65,2.45
2019A,STAT111208,INTRODUCTORY STATISTICS,"HUANG,MO",2.56,3.19,3.00,2.28,2.80,2.60,2.68,2.12,2.00,2.72,2.44
2019A,STAT112001,INTRODUCTORY STATISTICS,"LI,XINRAN",1.56,1.65,1.45,1.29,2.05,1.91,1.97,2.68,2.21,1.87,1.42
2019A,STAT430001,PROBABILITY,"DING,JIAN",1.76,1.67,1.32,1.24,1.61,1.26,2.11,3.61,2.26,2.14,1.18
2019A,STAT430002,PROBABILITY,"DING,JIAN",1.57,1.57,1.46,1.27,1.90,1.50,2.05,3.68,2.46,2.12,1.10
2019A,STAT430003,PROBABILITY,"DING,JIAN",1.43,1.26,1.23,1.21,1.92,1.46,1.90,3.44,2.13,2.00,1.25
2019A,STAT430004,PROBABILITY,"GUPTA,SHUVA",2.78,3.09,2.82,3.02,3.89,2.87,3.02,2.75,2.52,3.09,2.43
2019A,STAT431001,STATISTICAL INFERENCE,"SU,WEIJIE",1.90,1.98,1.78,1.39,2.33,1.97,2.14,2.86,2.58,2.25,1.39
2019A,STAT431002,STATISTICAL INFERENCE,"SU,WEIJIE",1.86,1.77,1.66,1.51,2.26,1.81,2.29,3.00,2.89,2.37,1.46
2019A,STAT442001,INTRO BAYES DATA ANALYS,"JENSEN,SHANE T.",2.93,3.25,3.26,3.14,3.14,2.23,3.26,3.32,3.16,3.11,1.81
2019A,STAT452401,FUND OF ACTUARIAL SCI II,"IONESCU,MONICA",2.91,3.18,2.70,2.80,2.90,2.50,3.00,3.40,3.20,3.10,0.60
2019A,STAT474401,MODERN REGRESSION,"BERK,RICHARD A.",2.31,2.28,2.00,2.00,2.00,2.15,2.68,3.36,2.57,2.37,2.00
2019A,STAT475001,SAMPLE SURVEY DESIGN,"ZANUTTO,ELAINE L.",2.20,2.57,2.49,1.87,2.55,2.06,2.37,2.31,2.32,2.28,1.46
2019A,STAT490401,CAUSAL INFERENCE,"SMALL,DYLAN S.",2.31,2.24,1.85,1.92,2.90,2.58,2.60,2.28,2.18,2.55,1.90
2019A,STAT501401,INT TO NONP & LOGLIN MOD,"ROSENBAUM,PAUL R.",2.66,3.00,2.94,2.41,3.13,2.30,2.34,2.47,1.84,2.69,2.25
2019A,STAT512401,MATHEMATICAL STATISTICS,"EWENS,WARREN J.",3.41,3.65,3.67,3.52,3.77,3.16,3.44,2.49,2.37,3.35,2.77
2019A,STAT516001,ADV STAT INFERENCE II,"LOW,MARK G.",2.95,3.37,3.44,3.19,3.31,2.94,2.73,2.06,1.53,2.63,2.38
2019A,STAT701401,MODERN DATA MINING,"ZHAO,LINDA H",3.15,3.24,3.09,3.06,3.25,2.73,3.47,2.87,3.08,3.58,2.53
2019A,STAT701402,MODERN DATA MINING,"ZHAO,LINDA H",3.25,3.19,2.85,3.16,3.15,3.09,3.38,2.98,3.16,3.30,2.57
2019A,STAT705401,STAT COMPUTING WITH R: Statistical Computing with R,"WATERMAN,RICHARD PAUL",3.04,3.22,3.27,2.98,3.09,2.46,3.21,2.93,3.07,3.18,2.75
2019A,STAT705402,STAT COMPUTING WITH R: Statistical Computing with R,"WATERMAN,RICHARD PAUL",3.03,3.22,3.16,2.87,2.95,2.37,3.11,3.15,3.09,2.85,2.24
2019A,STAT705403,STAT COMPUTING WITH R: Statistical Computing with R,"WATERMAN,RICHARD PAUL",3.05,3.18,3.24,2.84,2.95,2.43,3.19,2.59,2.92,3.06,2.73
2019A,STAT705404,STAT COMPUTING WITH R: Statistical Computing with R,"WATERMAN,RICHARD PAUL",2.98,3.14,3.17,2.69,3.20,2.47,3.32,3.05,3.12,3.07,2.60
2019A,STAT711401,FORECASTING METHODS MGMT,"SHAMAN,PAUL",2.36,2.47,2.48,2.16,2.94,2.70,2.47,2.32,2.53,2.33,1.76
2019A,STAT722701,PREDICTIVE ANALYTICS,"WATERMAN,RICHARD PAUL",3.33,3.77,3.76,3.62,3.65,2.63,3.43,2.95,3.05,3.43,3.10
2019A,STAT722751,PREDICTIVE ANALYTICS,"WATERMAN,RICHARD PAUL",3.65,3.82,3.87,3.60,3.33,2.83,3.64,2.80,2.67,3.57,2.73
2019A,STAT962001,ADV METHODS APPLIED STAT,"SMALL,DYLAN S.",3.38,3.63,3.50,3.50,3.67,3.80,3.83,2.67,3.50,3.67,2.33
2019A,STAT962001,ADV METHODS APPLIED STAT,"TCHETGEN TCHETGEN,ERIC J.",3.38,3.75,3.67,3.67,3.50,3.80,3.83,2.67,3.50,3.67,2.33
2019A,STAT991301,SEM IN ADV APPL OF STAT: Optimization Methods in Machine Learning,"SU,WEIJIE",3.52,3.44,3.60,3.48,3.42,3.40,3.68,2.40,2.26,3.36,2.71
2019A,STAT991304,SEM IN ADV APPL OF STAT: Topics in Deep Learning,"DOBRIBAN,EDGAR",2.87,3.00,3.38,3.38,3.63,3.43,3.00,1.75,1.38,2.88,1.75
2019A,WH  150301,EVALUATING EVIDENCE,"BARANKAY,IWAN",2.22,2.57,2.45,2.00,3.00,2.00,2.50,1.41,1.91,2.09,1.45
2019A,WH  150302,EVALUATING EVIDENCE,"BARANKAY,IWAN",2.88,3.29,3.10,2.50,3.33,2.10,2.48,1.38,1.67,2.40,1.95
2019A,WH  150303,EVALUATING EVIDENCE,"BARANKAY,IWAN",2.96,3.00,2.90,2.57,3.00,2.43,2.90,1.67,1.86,2.71,2.19
2019A,WH  297001,WH INDUSTRY EXPLORATION: San Francisco - Tech Sector,"ROSENKOPF,LORI",3.69,3.66,3.51,3.43,3.32,3.05,3.38,1.69,2.00,3.53,3.46
2019A,WH  297001,WH INDUSTRY EXPLORATION: San Francisco - Tech Sector,"TAMBE,PRASANNA",3.69,3.72,3.57,3.51,3.57,3.05,3.38,1.69,2.00,3.53,3.46
2019A,WH  297002,WH INDUSTRY EXPLORATION: Los Angeles - Arts and Entertainment Sector,"HERNANDEZ,EXEQUIEL",3.56,3.50,3.58,3.52,3.52,3.30,3.29,1.60,2.06,3.53,3.37
2019A,WH  297010,WH INDUSTRY EXPLORATION: WASHINGTON DC - PUBLIC POLICY SECTOR,"ZARING,DAVID",2.31,2.23,2.33,2.22,2.00,2.00,2.89,1.44,2.00,3.00,2.33
2019A,WH  298001,TOPICS INTL BUS DEVELOPM: Colombia,"MC CAFFREY,SARA JANE",3.20,2.00,2.16,2.26,2.22,2.53,3.26,1.74,1.89,3.63,3.53
2019A,WH  298002,TOPICS INTL BUS DEVELOPM: Italy,"MC CAFFREY,SARA JANE",3.25,2.65,2.88,2.83,2.74,2.39,3.28,2.00,2.11,3.17,3.00
2019A,WH  298003,TOPICS INTL BUS DEVELOPM: China,"MC CAFFREY,SARA JANE",3.67,3.22,3.35,3.06,3.50,3.29,3.47,1.76,1.65,3.69,3.75
2019A,WH  398001,SENIOR CAPSTONE,"FADER,PETER S",3.56,3.60,3.53,3.72,3.09,2.47,3.51,2.29,2.50,3.60,3.29
2019A,WH  399401,HONORS THESIS,"SCHURMANS,ARNOUT",2.31,2.63,2.16,1.89,2.79,1.53,2.42,2.83,3.21,2.32,1.68