,Property Name,Address,Energy STAR Score,Greenhouse Gas Emission (mtco2e)
0,Palumbo,1100 CATHARINE ST,97.0,646.8
1,WPVI-TV,4100 CITY AVE,1.0,2650.4
2,ECI Building,4343 WHITAKER AVE,100.0,35.2
3,First District Plaza,3801 MARKET ST,,549.8
4,Moore,1100 TYSON AVE,32.0,329.5
5,Ziegler,1660 COMLY ST,72.0,299.0
6,Daroff,5600-54 VINE ST,53.0,509.1
7,Garage - Broad St,2600-20 N BROAD ST,,591.5
8,Kawin LLC,3501 CEDAR ST,,15.9
9,RAMADA,11550 E ROOSEVELT BLVD,31.0,288.9
10,rivers edge,9501 STATE RD,29.0,483.3
11,Bregy,1700 BIGLER ST,57.0,335.0
12,St. Raymond of Penafort,1330 VERNON RD,100.0,45.2
13,U All No LLC,3525 I ST,,204.7
14,Criminal Justice Center (CJC),1301-19 FILBERT ST,56.0,5054.6
15,215 S. Broad,215 S BROAD ST,40.0,478.6
16,The Axis,20 S 36TH ST,78.0,228.3
17,American Red Cross - Humanitarian Services,2213-21 CHESTNUT ST,82.0,430.7
18,Masterman,1645 SPRING GARDEN ST,66.0,566.7
19,Franklin Learning Center,620-34 N 15TH ST,60.0,877.3
20,Greenfield,2200-24 CHESTNUT ST,79.0,374.2
21,3401 Market St.,3401-15 MARKET ST,1.0,1889.3
22,The Rittenhouse Plaza,1901-05 WALNUT ST,26.0,1686.9
23,1518 Walnut Street,1516-18 WALNUT ST,87.0,656.8
24,1207 Chestnut,1207-09 CHESTNUT ST,52.0,358.2
25,Hall Mercer at PAH,233-55 S 8TH ST,60.0,636.5
26,1429 Walnut,1429-33 WALNUT ST,59.0,585.3
27,19-Kelly Hall,201 N 34TH ST,37.0,804.6
28,Curtis Building,1015 WALNUT ST,25.0,1808.8
29,1026-44 MARKET ST,1026-44 MARKET ST,52.0,663.4
30,Bellet,1501-11 RACE ST,78.0,861.6
31,Sheraton Philadelphia Downtown,201 N 17TH ST,67.0,5364.7
32,Main Building,1001-41 WALNUT ST,81.0,2992.0
33,Icon 1616,1616-26 WALNUT ST,65.0,1182.6
34,Sheraton University City Hotel,3501 CHESTNUT ST,18.0,2559.4
35,Symphony House,400-26 S BROAD ST,82.0,2333.5
36,3737 Market Street,3711L MARKET ST,31.0,5040.1
37,Loews Philadelphia Hotel,1200 MARKET ST,50.0,5438.8
38,1500 Walnut,1500-06 WALNUT ST,44.0,3286.2
39,140399 Plaza,101 N INDEPENDENCE MALL E,63.0,7426.2
40,10 Rittenhouse Square,130 S 18TH ST,67.0,1637.1
41,College Building,1025 WALNUT ST,13.0,3284.8
42,57164- Residence Inn Philadelphia - Center City,1319-25 MARKET ST,24.0,2171.9
43,2000 Market Street,2000-24 MARKET ST,61.0,5876.9
44,The Drake,1512-14 SPRUCE ST,3.0,1936.2
45,311qp-Philadelphia - Downtown,23-31 N JUNIPER ST,56.0,3602.4
46,The Wanamaker Building,1301-25 CHESTNUT ST,84.0,8346.9
47,33703-Philadelphia,1201 MARKET ST,39.0,12308.5
48,Foerderer Pavilion,1000-32 CHESTNUT ST,36.0,5692.4
49,Gibbon Building,111 SOUTH11TH ST,17.0,21516.0
50,L61864 - 1701 JFK Blvd,1701 JOHN F KENNEDY BLVD,87.0,11957.7
51,Pennsylvania Hospital,801-49 PINE ST,32.0,19080.1
52,73R49-Philadelphia Ritz Carlton,1400 S PENN SQ,1.0,3814.3
53,Penn Presbyterian Medical Center,3800 POWELTON AVE,55.0,16944.1
54,TEMPLE UNIVERSITY HOSPITAL SUPERBLOCK,3401-41 N BROAD ST,9.0,22679.1
55,Goldman Properties - 1315 Walnut Street,1313-17 WALNUT ST,85.0,1542.3
56,Hospital of the University of Pennsylvania,3400 SPRUCE ST,8.0,47604.7
57,Farm Journal,230-34 W WASHINGTON SQ,5.0,2141.0
58,Edison Building,122-30 S 9TH ST,63.0,1792.8
59,PLPH-Radisson Blu Warwick Hotel PA,1701-15 LOCUST ST,2.0,3575.1
60,Westin Philadelphia Hotel,17 S 17TH ST,58.0,1801.3
61,JHN Building,900-10 WALNUT ST,57.0,5395.0
62,Penn Medicine At Rittenhouse,1801 SOUTH ST,60.0,4009.6
63,Medical Office Building,1100-04 WALNUT ST,14.0,1066.3
64,Morgan Hall,1601 N BROAD ST,34.0,5419.6
65,100 Independence- DOW Building,100 S INDEPENDENCE MALL W,87.0,3479.6
66,Adaire,1300 E PALMER ST,97.0,161.7
67,Barringer Building,912-28 WALNUT ST,89.0,518.8
68,Martin Building,201 S 11TH ST,32.0,821.0
69,901 Walnut Street Building,901-03 WALNUT ST,57.0,975.6
70,1420-22 Chestnut Street,1420-22 CHESTNUT ST,94.0,552.0
71,Young Smyth Field Condominium Association,1216-20 ARCH ST,86.0,631.0
72,centralized comprehensive human services,112 N BROAD ST,65.0,635.2
73,Jewish Federation,2100-12 ARCH ST,93.0,630.9
74,1211 Chestnut,1211-15 CHESTNUT ST,83.0,608.3
75,Nevil Building,919-21 WALNUT ST,83.0,751.6
76,The Bellevue,200 S BROAD ST,,9006.7
77,JONES HALL,3334-56 N PARK AVE,74.0,1263.2
78,17-Van Rensselaer,229 N 34TH ST,31.0,695.4
79,Balch Building,18-28 S 7TH ST,89.0,381.7
80,Club Quarters Hotel,1628-36 CHESTNUT ST,93.0,1023.6
81,The Lofts @ 1835 Arch,1827-35 ARCH ST,25.0,1389.9
82,The Republic,1930-34 CHESTNUT ST,35.0,761.3
83,The Broderick,400-14 WALNUT ST,49.0,426.4
84,1015 Chestnut Street,1015-19 CHESTNUT ST,77.0,939.4
85,1420 Walnut,1420-24 WALNUT ST,72.0,730.8
86,301 Duncan,301 S 8TH ST,22.0,608.6
87,801 Market Street,801 MARKET ST,87.0,4587.0
88,1515 Market Street,1501-39 MARKET ST,71.0,4077.3
89,Arch 1650 Partners LP,1622-50 ARCH ST,84.0,4516.2
90,PA0143ZZ-RN NIX FED BLDG & USPO,901-15 CHESTNUT ST,96.0,1417.5
91,Walnut Towers,800-34 WALNUT ST 3,9.0,3928.2
92,12589 Ten Penn Center,1801-21 MARKET ST,88.0,4689.9
93,Sansom Common,3600-90 WALNUT ST,5.0,5219.7
94,Four Penn Center,1600 JOHN F KENNEDY BLVD,80.0,6970.1
95,BOYER PAVILION,3519-33 N BROAD ST,99.0,4353.8
96,GT Penn & LTSR,625 E WISTER ST,6.0,2119.6
97,1500 Locust,1500-14 LOCUST ST,95.0,2327.0
98,CO/GLC 11310/1631 ARCH ST/PHILADELPHIA/PA,1631-37 ARCH ST,1.0,5057.4
99,Murano Condominium ASN,2101 MARKET ST,36.0,3187.0
100,1700 Market Street,1700-40 MARKET ST,82.0,6822.9
101,1818 Market St,1818-28 MARKET ST,79.0,6866.8
102,Stiles Alumni Hall,325 N 15TH ST,30.0,1483.4
103,3535 Market,3521-35 MARKET ST,93.0,2169.6
104,Police Administration Building,700-34 RACE ST,4.0,2358.7
105,1835 Market Street,1835 MARKET ST,83.0,4990.4
106,APF - 1601 Market Street,1601-23 MARKET ST,86.0,5381.8
107,"SPUS7 United Plaza, L.P.",22-34 S 17TH ST,88.0,5219.7
108,The Avenir,1501-15 CHESTNUT ST,48.0,869.6
109,William Penn House,1915-19 CHESTNUT ST,80.0,2669.2
110,SEPTA Headquarters,1234 MARKET ST,71.0,8016.5
111,Centre Square - 1500 Market Street,1500-42 MARKET ST,81.0,14205.2
112,Tuttleman Building,1832-44 SOUTH ST,8.0,1283.1
113,Public Ledger,150 S INDEPENDENCE MALL W,77.0,3804.0
114,Three Parkway,3 BENJAMIN FRANKLIN PKWY,1.0,536400.1
115,2 Penn,1500 JOHN F KENNEDY BLVD,82.0,3217.4
116,The St. James,200 W WASHINGTON SQ,21.0,2468.4
117,8 Penn,1628 JOHN F KENNEDY BLVD,82.0,1696.2
118,925 Chestnut Street,917-33 CHESTNUT ST,61.0,2867.7
119,Three Logan Square,1717 ARCH ST,86.0,9325.4
120,CO/GLC 16200/900 RACE ST/PHILADELPHIA/PA,900-22 RACE ST,1.0,8486.8
121,1528 Walnut,1524-30 WALNUT ST,66.0,1469.9
122,Hamilton Building,1001 LOCUST ST,69.0,1415.4
123,1701 Market Street,1701 MARKET ST,50.0,3191.6
124,Academic Properties,3025-53 MARKET ST,85.0,3434.9
125,178-3020 MARKET,3020-52 MARKET ST,18.0,3496.4
126,One South Broad,1 S BROAD ST,65.0,3719.0
127,"Kennedy House, Inc",1901 JOHN F KENNEDY BLVD,47.0,3115.7
128,"""(PA3537)",1420 LOCUST ST,48.0,3441.1
129,Saul CTE,7100 HENRY AVE,46.0,740.8
130,Our Lady of Hope,1248 JACKSON ST,97.0,196.6
131,St. Edmond Church,2100 S 21ST ST,89.0,136.8
132,Chestnut Hill,403 W SPRINGFIELD AVE,100.0,526.9
133,Conwell,1829 E CLEARFIELD ST,89.0,347.0
134,Cassidy,6523-43 LANSDOWNE AVE,26.0,469.7
135,Fitler,140-64 W SEYMOUR ST,10.0,359.4
136,Rowen,6801 N 19TH ST,79.0,306.8
137,Ellwood,1201-51 OAK LN,71.0,283.5
138,Edmunds HR,1197 HAWORTH ST,9.0,758.8
139,Girard,2100 S 18TH ST,61.0,305.0
140,Salvation Army,4555 PECHIN ST,62.0,794.5
141,Jones,2922 MEMPHIS ST,77.0,721.1
142,Vare EH,2101 S 24TH ST,53.0,856.4
143,Forrest,4300 BLEIGH AVE,65.0,369.7
144,Ferguson,2000-46 N 7TH ST,54.0,560.1
145,Lamberton,7501 WOODBINE AVE,92.0,493.8
146,Patterson,7001 BUIST AVE,50.0,508.4
147,Disston,6801 COTTAGE ST,38.0,484.6
148,Mercy Vocational High School,2901 W ALLEGHENY AVE,83.0,367.8
149,Mifflin,3500 MIDVALE AVE,19.0,453.5
150,Finletter,6101 N FRONT ST,56.0,396.1
151,Marshall J,1501 SELLERS ST,73.0,265.5
152,Logan,5000 N 17TH ST,29.0,393.8
153,West Philadelphia New,4901-31 CHESTNUT ST,79.0,682.3
154,Taggart,2501 S 5TH ST,72.0,388.0
155,Anderson,1034-42 S 60TH ST,70.0,274.3
156,Levering Amy Northwest,5950 RIDGE AVE,98.0,190.1
157,Dunbar,1720-58 N 12TH ST,45.0,359.4
158,Nebinger,601 CARPENTER ST,30.0,427.0
159,Barton,330 E WYOMING AVE,78.0,319.5
160,Gideon,2801-37 W GLENWOOD AVE,76.0,368.6
161,Kirkbride,626 DICKINSON ST,43.0,360.6
162,Pratt,2200-26 N 22ND ST,60.0,386.3
163,Pennell,1800-56 W NEDRO AVE,26.0,405.1
164,Rhoads J,4901-57 PARRISH ST,21.0,395.8
165,Beeber,5901 MALVERN AVE,29.0,702.8
166,Kenderton,3400 N 15TH ST,83.0,382.8
167,Stoddart-Fleisher,528-44 N 13TH ST,25.0,1036.5
168,Wilson W,1800 COTTMAN AVE,91.0,470.9
169,Kensington HS Business-Urban,2075 E CUMBERLAND ST,61.0,677.9
170,Creighton,5401 TABOR AVE,33.0,731.0
171,Edmonds FS,8060 WILLIAMS AVE,37.0,426.5
172,Fox Chase,700 RHAWN ST,61.0,353.4
173,Huey,400-16 S 52ND ST,26.0,548.9
174,Greenberg,8901 ALICIA ST,89.0,425.8
175,Jenks John,8317 GERMANTOWN AVE,56.0,324.4
176,Sullivan,5300 DITMAN ST,68.0,436.4
177,Dick,2400-56 DIAMOND ST,54.0,347.8
178,Taylor,3630 N RANDOLPH ST,80.0,287.4
179,Carnell,1001 DEVEREAUX AVE,66.0,537.4
180,McMichael,700 N 35TH ST,26.0,551.1
181,Farrell,8300 CASTOR AVE,44.0,317.2
182,Wagner,1701-47 CHELTEN AVE,28.0,662.8
183,Gompers,2400 N 57TH ST,38.0,422.6
184,Little Flower Catholic High School,1001 W LUZERNE ST,100.0,229.4
185,Overbrook HS,5700 LANCASTER AVE,99.0,1412.2
186,Fitzpatrick,11061 KNIGHTS RD,26.0,506.5
187,Elkin,500 E ALLEGHENY AVE,30.0,513.4
188,Leeds,1100 E MOUNT PLEASANT AVE,90.0,343.9
189,Harding,2000 WAKELING ST,80.0,593.7
190,Cooke,4735 OLD YORK RD,45.0,715.2
191,Webster,3400-42 FRANKFORD AVE,32.0,593.5
192,Franklin ES,5741 RISING SUN AVE,59.0,617.7
193,Shallcross,3801 WOODHAVEN RD,4.0,623.3
194,Roosevelt MS,430 E WASHINGTON LN,22.0,666.3
195,Locke,4420 HAVERFORD AVE,36.0,463.6
196,Bluford,5720-38 MEDIA ST,10.0,599.2
197,Decatur,3500 ACADEMY RD,14.0,499.2
198,Prince Hall,6101-67 N GRATZ ST,33.0,479.4
199,Father Judge High School,3301 SOLLY AVE,98.0,435.8
200,McDaniel,1801 S 22ND ST,4.0,491.7
201,Steel,4301 WAYNE AVE,46.0,440.7
202,Strawberry Mansion & Hill,3133 RIDGE AVE,67.0,1871.7
203,Springside,8000 CHEROKEE ST,99.0,537.2
204,Stetson,243-57 E ALLEGHENY AVE,7.0,1070.2
205,Baldi,8725 VERREE RD,85.0,824.3
206,Dobson,4665 UMBRIA ST,34.0,268.8
207,Archbishop Ryan High School,11101 ACADEMY RD,91.0,1263.4
208,Widener & Girls HS,5400 N BROAD ST,34.0,2092.1
209,Girard College,2035 S COLLEGE AVE,98.0,4310.6
210,Mercy Philadelphia Hospital,5301 CEDAR AVE,100.0,5652.9
211,One Parkway Building,1515 ARCH ST,76.0,4307.0
212,Temple Episcopal Hospital,100 E LEHIGH AVE,52.0,6768.5
213,City Hall,1400 JOHN F KENNEDY BLVD,74.0,4647.3
214,PA0000AT - WISSAHICKON FED BLDG,5000 WISSAHICKON AVE,44.0,5153.7
215,Northeast WPCP,3899 RICHMOND ST,100.0,10711.5
216,PA0000BG-BYRNE GREEN COMPLEX,601 MARKET ST,79.0,10290.8
217,St. Christophers Hospital for Children,160 E ERIE AVE,74.0,11247.7
218,Chestnut Hill Hospital,8835 GERMANTOWN AVE,90.0,6081.1
219,Philadelphia,400 UNIVERSITY AVE,51.0,21654.1
220,PA0144ZZ-PHILADELPHIA CUSTOMHOUSE,200-32 CHESTNUT ST,90.0,2632.8
221,Lincoln HS,3201 RYAN AVE,39.0,2308.0
222,The Philadelphian,2401 PENNSYLVANIA AVE,77.0,4952.0
223,Raymour and Flanigan Woodhaven CSC,2001 WOODHAVEN RD,57.0,387.8
224,Lankenau,201 SPRING LN,57.0,333.1
225,Hill-Freedman,1205-11 E TULPEHOCKEN ST,1.0,868.2
226,Fire Administration,236-48 SPRING GARDEN ST,12.0,770.5
227,CO/GLC 19040/2514 EMERALD ST/PHILADELPHIA/PA,2514-32 EMERALD ST,3.0,761.1
228,Fels HS,5500 LANGDON ST,16.0,2028.7
229,omni hotel,401 CHESTNUT ST,65.0,824.3
230,801 Arch Street,801 ARCH ST,75.0,1281.4
231,Meehan,3001 RYAN AVE,88.0,620.3
232,Miller,4301-19 OGDEN ST,2.0,728.2
233,"Arbill Industries, Inc.",10450 DRUMMOND RD,2.0,1386.7
234,Tacony Academy Charter School,1330 RHAWN ST,100.0,161.6
235,2825-2845 Southampton Rd,2825-45 SOUTHAMPTON RD,100.0,19.3
236,ST. CHRISTOPHER'S & ASSOCIATION LPV,2600-20 N LAWRENCE ST,88.0,116.1
237,CMH Development LP,1401 E BRISTOL ST,91.0,1086.4
238,Origlio Property Holding,3000 MEETINGHOUSE RD,100.0,186.0
239,29145-Philadelphia / Wheatsheaf Lane,2190 WHEATSHEAF LN,98.0,68.4
240,2800 Black Lake Place,2800 BLACK LAKE PL,98.0,149.7
241,Main Warehouse,12300 MCNULTY RD,80.0,114.0
242,Catherine,6600 CHESTER AVE,86.0,242.9
243,Sewing Factory,1730 N 5TH ST,100.0,59.1
244,Coronado Condominiums,2201 CHESTNUT ST,100.0,123.3
245,"Brenntag Specialties, Inc.",5700 TACONY ST,86.0,113.4
246,7th Heaven Investments,4219 VAN KIRK ST,88.0,74.0
247,2801-2817 Southampton Rd,2801-17 SOUTHAMPTON RD,100.0,49.5
248,Fairfax Apartments,5501-09 WAYNE AVE,100.0,166.9
249,The Madison,216 S 48TH ST,69.0,324.8
250,Saint Pauls Church,22 E CHESTNUT HILL AVE,67.0,214.3
251,Center Post Apartments,55 N 40TH ST,99.0,256.4
252,SOMERSET WAREHOUSE,2801-31 A ST,100.0,24.4
253,ST. ANSELM ANNEX,12700 DUNKS FERRY RD,66.0,60.9
254,DRUMMOND ROAD,10500 DRUMMOND RD,98.0,58.9
255,Cedar Views Apartments,300 ERNEST WAY,100.0,114.8
256,Hartranft Community,800 W CUMBERLAND ST,100.0,23.4
257,Wynnefield Terrace Associates LP,4991 PARKSIDE AVE,99.0,348.7
258,2801 Grant Avenue,2801 GRANT AVE,100.0,103.1
259,Warehouse,4445 W GIRARD AVE,53.0,56.3
260,Birchwood Hill Apts,5115 WISSAHICKON AVE,85.0,296.7
261,Church of God Non Sectarian,5101-03 HAVERFORD AVE,100.0,11.8
262,Sayre,5800 WALNUT ST,74.0,1017.2
263,7205-15 Rising Sun,7205-15 RISING SUN AVE,100.0,50.1
264,laundry mall,413-23 E ALLEGHENY AVE,3.0,201.6
265,Leatex Chemical Co.,2722 N HANCOCK ST,99.0,13.1
266,VILLAS DE HACE,1426-44 N 6TH ST,94.0,78.4
267,"Foulkrod Apartment Associates, LP",1330-46 FOULKROD ST,100.0,32.3
268,Penn Lee Apartments,557 CHURCH LN,100.0,138.4
269,MARJAM SUPPLY,6951 NEW STATE RD,93.0,78.3
270,The Landreth,1201 S 23RD ST,100.0,74.8
271,6610 Hasbrook Partnership,6610 HASBROOK AVE,79.0,155.8
272,Amy at Martin,3350 RICHMOND ST,41.0,247.5
273,2501 Grant Ave,2501 GRANT AVE,98.0,90.0
274,8020 Algon,8020 ALGON AVE,96.0,166.4
275,Warehouse America,2235 CASTOR AVE,98.0,107.9
276,1801 N American,1801-59 N AMERICAN ST,91.0,117.4
277,Park Terrace Apartments,8040 ROWLAND AVE,72.0,719.3
278,Saint George Senior Housing Corp,850 LOCUST ST,6.0,526.9
279,1198-Philadelphia - Roosevelt BL,11771 E ROOSEVELT BLVD,86.0,149.3
280,Elverson Military,2118-60 N 13TH ST,41.0,311.1
281,2239 West Montgomery Ave,2239-47 W MONTGOMERY AVE,100.0,106.4
282,Sidewater House,780 BYBERRY RD,79.0,215.8
283,Kinsey,6501-33 LIMEKILN PIKE,5.0,443.9
284,Meredith,713 S 5TH ST,84.0,214.4
285,2191 Hornig Rd,2191 HORNIG RD,100.0,96.1
286,Peirce TM,2829-59 N 23RD ST,87.0,94.2
287,Rhawnhurst,7809 CASTOR AVE,29.0,267.9
288,Harrington,5300-34 BALTIMORE AVE,71.0,195.6
289,2000 Bennett,2000 BENNETT RD,,211.7
290,Girard Court Apartments,2101 N COLLEGE AVE,70.0,267.0
291,913 Wallace Street,913-29 WALLACE ST,90.0,288.2
292,Police Gun Permit Facility,660-70 E ERIE AVE,29.0,206.7
293,Brewery Condominiums- Brewery House,870 N 28TH ST,69.0,146.5
294,Washington ES,1114-50 S 5TH ST,62.0,315.8
295,John C. Anderson Apartments,249-57 S 13TH ST,65.0,233.5
296,Laverock Apt.,1006 IVY HILL RD,69.0,269.3
297,National at Old City Condominiums,113 BREAD ST,95.0,283.3
298,Beech Interplex,1520 CECIL B MOORE AVE,91.0,289.4
299,Cook-Wissahickon,531 RIGHTER ST,66.0,377.4
300,Holme,9152 ACADEMY RD,35.0,369.4
301,Penn Treaty,600 E THOMPSON ST,51.0,709.5
302,The Residences at 219,219 E WILLOW GROVE AVE,87.0,315.4
303,Shawmont,529 SHAWMONT AVE,54.0,342.9
304,4309 G Street,4309-35 G ST,78.0,117.2
305,Arch Street Exchange Condominium,1228-32 ARCH ST,96.0,176.3
306,7701 Bustleton,7701 BUSTLETON AVE,7.0,462.7
307,429 N. 13th Street,429 N 13TH ST,100.0,150.0
308,Welsh,2331-57 N 4TH ST,71.0,265.6
309,Comly,1001 BYBERRY RD,9.0,375.1
310,Clear Channel Outdoor,9130 STATE RD,91.0,192.3
311,MRA Realty,9501 E ROOSEVELT BLVD,100.0,140.7
312,Kelley William,1601-49 N 28TH ST,28.0,247.9
313,"St. Anthony's Residential Associates, LP",2309-33 CARPENTER ST,97.0,136.9
314,Andover Court Apartments,1133-49 E MOUNT AIRY AVE,36.0,256.8
315,McClure,4134 N 6TH ST,47.0,270.3
316,The Terrace,4931-59 SPRUCE ST,63.0,371.0
317,Henry,601-47 CARPENTER LN,80.0,291.1
318,Bodine,1101-25 N 4TH ST,61.0,300.5
319,Regency House,6301-35 N 10TH ST,84.0,280.2
320,"Chatham Apartment Associates, LP",242-52 S 49TH ST,100.0,148.4
321,Alcorn,1500 S 32ND ST,29.0,456.6
322,Meade,1801-09 W OXFORD ST,54.0,400.6
323,444 Lofts,444 N 4TH ST,100.0,274.4
324,Brown JH,8118 FRANKFORD AVE,47.0,282.4
325,2450 Hartel Ave,2450 HARTEL AVE,80.0,190.6
326,Paschall Senior Housing,2125 S 70TH ST,99.0,122.7
327,"Urban Outfitters, Inc. - Building #017, 014",1620 KITTY HAWK AVE,78.0,319.3
328,St. Matthew Church (correct),3000 COTTMAN AVE,71.0,604.4
329,The Lanesborough,1601 LOCUST ST,95.0,317.4
330,Pelham Park,229 W UPSAL ST,80.0,710.5
331,5001-23 Erringer Pl,5001-23 ERRINGER PL,42.0,297.5
332,Windsor Terrace Apts,7000 N BROAD ST,55.0,247.8
333,Jackson,1130-48 FEDERAL ST,68.0,289.4
334,DB Champlost LP - 901 W Champlost Ave,901 W CHAMPLOST AVE,49.0,249.2
335,Bentley Manor,1410 72ND AVE,70.0,256.0
336,Emlen,6501 CHEW AVE,46.0,414.6
337,Spencer Arms,920 W SPENCER AVE,77.0,233.3
338,Lingelbach,6340 WAYNE AVE,80.0,249.9
339,Melrose Park Manor,200-16 W CHELTENHAM AVE,84.0,291.7
340,Blankenburg,4612-72 W GIRARD AVE,53.0,345.2
341,Sheridan,800 E ONTARIO ST,47.0,285.2
342,Ludlow,1323-45 N 6TH ST,33.0,323.9
343,Sharswood,200 WOLF ST,55.0,319.1
344,1007-15 W. LEHIGH AVENUE,1007 W LEHIGH AVE,98.0,148.8
345,Pennypacker,1850 E WASHINGTON LN,94.0,332.8
346,Advanced Sports,10940 DUTTON RD,76.0,167.0
347,Lea,242 S 47TH ST,40.0,348.6
348,Christ the King,3201 CHESTERFIELD RD,100.0,174.1
349,Freedom International,6601 NEW STATE RD,50.0,254.2
350,Blaine,3001-29 W BERKS ST,29.0,372.1
351,Metropolitan Wynnefield,5000 WOODBINE AVE,21.0,358.8
352,Metropolitan Manayunk Hill,450 DOMINO LN,62.0,346.8
353,Houston,135 W ALLENS LN,17.0,530.0
354,Stella Maris Church and School,2901 S 10TH ST,87.0,253.5
355,601 W Cliveden St,601 W CLIVEDEN ST,2.0,496.5
356,Manor Associates,243 W TULPEHOCKEN ST,21.0,425.4
357,Admin - Rivera Building,2603-09 N 5TH ST,96.0,237.3
358,Maple Village,24-50 W RITTENHOUSE ST,65.0,249.0
359,Philip Murray House II,6302 OLD YORK RD,8.0,350.7
360,MT. TABOR SR. CYBER VILLAGE,973 N 7TH ST,74.0,177.1
361,"Betty, Inc",1800 S CHRISTOPHER COLUMBUS BLVD,100.0,113.1
362,Belmont,4030-60 BROWN ST,38.0,380.2
363,9629 Bustleton,9629 BUSTLETON AVE,6.0,659.3
364,Star Enterprises IV,7701 MCCALLUM ST,71.0,615.8
365,Feltonville Intermediate,238 E WYOMING AVE,80.0,346.7
366,McCall,308-32 S 6TH ST,10.0,553.2
367,Mitchell,5500 KINGSESSING AVE,24.0,443.0
368,Kearny,601-19 FAIRMOUNT AVE,1.0,477.3
369,6200 Wayne,6200-08 WAYNE AVE,2.0,575.1
370,Sulzberger,701-41 N 48TH ST,30.0,567.4
371,Ridgeview Apartments,6725 RIDGE AVE,84.0,307.0
372,The Townhouse,301 S 19TH ST,57.0,409.9
373,Stonebridge Condominium Association,300 BYBERRY RD,32.0,317.5
374,"Edgewood Manor Associates II, LP",1508 W ALLEGHENY AVE,92.0,202.2
375,2121 Glendale,2121 GLENDALE AVE,1.0,512.4
376,Vernon House,3226 CLIFFORD ST,41.0,263.7
377,Beacon Pointe Apartments,9503 STATE RD,100.0,270.3
378,Hallahan High School,319 N 19TH ST,82.0,465.2
379,Holts Cigar Company,12270 TOWNSEND RD,82.0,187.4
380,Loesche,11000 BUSTLETON AVE,71.0,328.0
381,Pastorius,926-76 E CHELTEN AVE,84.0,325.5
382,Greenway Presbyterian Apartments,2001 S 59TH ST,59.0,235.4
383,Guild House East,711-39 SPRING GARDEN ST,1.0,1212.1
384,Solis-Cohen,1901 TYSON AVE,52.0,403.9
385,Mayfair,2901 PRINCETON AVE,59.0,414.7
386,Longwood Manor Apartments,2400 BENSON ST,69.0,447.8
387,4401 Conshohocken,4401 CONSHOHOCKEN AVE,1.0,683.5
388,Morris,2600-24 W THOMPSON ST,67.0,272.3
389,Vernon House Apartments,6445 GREENE ST,72.0,303.9
390,Gro Marr Apartments,900 E JOHNSON ST,65.0,263.3
391,Allen Ethan,3001 ROBBINS ST,47.0,325.8
392,Fell,2746 S 9TH ST,44.0,399.2
393,MFM - 6763 Ridge Ave,6761-63 RIDGE AVE,81.0,136.8
394,Casa Caribe,173-83 W ALLEGHENY AVE,72.0,203.9
395,Kensington HS Health,2445-63 EMERALD ST,62.0,223.7
396,Inglis Gardens at Belmont II,2560 BELMONT AVE,80.0,168.5
397,Crane Arts LLC,1400 N AMERICAN ST,100.0,165.5
398,ST CHRISTOPHER'S ASSOC LP VIII,2622-46 N LAWRENCE ST,97.0,305.4
399,Frank,2001 LOTT AVE,76.0,345.3
400,0542-Philadelphia - Wayne Ave.,4433 WAYNE AVE,37.0,155.5
401,Sedgwick Gardens INC,6907 MCCALLUM ST,68.0,224.5
402,25765-Philadelphia/Castor Ave OC,2345 CASTOR AVE,91.0,183.0
403,Southwark,1821 S 9TH ST,82.0,458.4
404,Norwood-Fontbonne Academy,1 E SUNSET AVE,85.0,249.2
405,Hancock,3700 MORRELL AVE,93.0,221.8
406,7801 Bustleton,7801 BUSTLETON AVE,2.0,513.3
407,Boone,1435-45 N 26TH ST,37.0,283.2
408,Overbrook Education Center,6714-28 LANSDOWNE AVE,92.0,213.0
409,Oakland Terrace 2012 LP,6025 E ROOSEVELT BLVD,75.0,304.0
410,2100 Byberry Road,2100 BYBERRY RD,89.0,195.0
411,Morrison,300 W DUNCANNON AVE,14.0,501.8
412,7801 Algon,7801 ALGON AVE,3.0,470.9
413,Brown HA,1900 E SERGEANT ST,62.0,241.4
414,Pollock,2951 WELSH RD,62.0,346.6
415,Comegys,5001-35 GREENWAY AVE,10.0,379.1
416,Marchwood Realty Co LP,5515 WISSAHICKON AVE,68.0,386.1
417,Pelham Court,6803-09 EMLEN ST,11.0,693.3
418,Washington Martha,728-62 N 44TH ST,67.0,416.4
419,Bryant,6001 CEDAR AVE,42.0,449.8
420,Onyx Glentov,12285 MCNULTY RD,73.0,255.8
421,Cathedral East Apartments,700-50 CATHEDRAL RD,74.0,376.8
422,Germantown Manor,400-14 W HORTTER ST,33.0,250.3
423,Wright,2201-51 N 28TH ST,51.0,318.3
424,Malvern Hall,6655 MCCALLUM ST,86.0,264.9
425,11018 - Philadelphia Ronald McDonald House,3921-25 CHESTNUT ST,95.0,294.3
426,"NewCourtland Apartments at Cliveden, L.P.",315 W JOHNSON ST,37.0,256.0
427,Green Woods Charter School,468 DOMINO LN,65.0,250.4
428,Douglas F,2118-34 W NORRIS ST,25.0,661.4
429,The Ridge Apartments,7949 RIDGE AVE,93.0,338.3
430,Church Lane Apartments,601-07 CHURCH LN,74.0,235.1
431,Decatur Rd,10551 DECATUR RD,98.0,283.2
432,SHARE Community Food Resource Center,2901 W HUNTING PARK AVE,73.0,326.8
433,Potter-Thomas,3001-65 N 6TH ST,65.0,439.3
434,Falls Ridge,4301 RIDGE AVE,83.0,252.5
435,MFM - 174 W Allegheny Ave,164-76 W ALLEGHENY AVE,81.0,264.7
436,Bridge Industrial Center Associates,5458 TACONY ST,85.0,242.9
437,West Catholic,4501-17 CHESTNUT ST,89.0,588.9
438,6900 Lindbergh Blvd.,6900 LINDBERGH BLVD,86.0,415.1
439,"The Mathematics, Civics and Sciences Charter School of Philadelphia, Inc.",1326-40 BUTTONWOOD ST,25.0,302.3
440,Nativity BVM Place,3255 BELGRADE ST,3.0,272.1
441,(PA2407) - Old City 108 Condominiums,108 ARCH ST,70.0,267.6
442,Michel's Bakery,7746 DUNGAN RD,78.0,361.2
443,Hartranft,2429-65 N 8TH ST,53.0,356.6
444,Good Food Lab,428-54 E ERIE AVE,24.0,269.8
445,Morton,6226 ELMWOOD AVE,38.0,434.1
446,Almo Corporation,2709 COMMERCE WAY,88.0,393.0
447,Reed Street Presbyterian Apartments,1401-35 S 16TH ST,18.0,389.1
448,7810 Algon,7810-20 ALGON AVE,1.0,1035.4
449,Longstreth,5748 WILLOWS AVE,72.0,357.0
450,Duckrey,1501-43 DIAMOND ST,82.0,397.8
451,"Olde Kensington, LP",1250 N 3RD ST,88.0,318.7
452,Furness HS,1900 S 3RD ST,72.0,765.3
453,Rodeph Shalom,615 N BROAD ST,53.0,253.7
454,Birney,900-14 LINDLEY AVE,31.0,499.9
455,Somerton Court Apartments,13109-51 BUSTLETON AVE,83.0,650.6
456,Metropolitan Roxborough,7841 RIDGE AVE,70.0,532.5
457,UNICO Village II,7200 BRANT PL,20.0,674.7
458,Hackett,2143-75 E YORK ST,71.0,354.4
459,Andorra Shopping Center-Kohl's,701 CATHEDRAL RD,91.0,257.6
460,Jackson Place,501-35 JACKSON ST,18.0,349.1
461,Regency Village,5600 OGONTZ AVE,24.0,1497.6
462,SS Neumann Goretti High School,1730 S 10TH ST,100.0,652.0
463,LaBrum,3325 RED LION RD,41.0,286.1
464,Warehouse - Philadelphia,7575 BREWSTER AVE,67.0,453.1
465,Old Shoe Factory Condo Association,314-22 N 12TH ST,9.0,407.9
466,Connelly House,1212 LUDLOW ST,53.0,82.4
467,3600 Grays Ferry Ave (FedEx Express),3600 GRAYS FERRY AVE,34.0,479.2
468,L A 1300 Chestnut Associates,1300-06 CHESTNUT ST,88.0,314.7
469,Germantown Apartments (202) and Cottages (811),6950 GERMANTOWN AVE,6.0,438.7
470,Kiesha Merrick,5501 N 11TH ST,12.0,433.6
471,Fairfax Apartments,4231-41 LOCUST ST,100.0,362.6
472,The Lofts At Brewerytown,3000 MASTER ST # C,96.0,355.6
473,Atrium Apartments,2555 WELSH RD,63.0,542.9
474,Chancellor Apartments,204-06 S 13TH ST,72.0,728.0
475,0547-Philadelphia - Airport,9000 TINICUM BLVD,69.0,365.8
476,Elliott-Lewis Corporate HQ,2900 BLACK LAKE PL,40.0,390.2
477,3527,7101 E ROOSEVELT BLVD,83.0,316.5
478,McKinley,412-30 W SUSQUEHANNA AVE,44.0,340.7
479,Marshall T,5118-50 N 6TH ST,89.0,406.6
480,(PA2492) - Bentwood Condos,1010 RACE ST,29.0,385.0
481,10814 NE AVENUE,11300-50 NORTHEAST BLVD,76.0,621.7
482,Kelly John,5116-60 PULASKI AVE,68.0,483.2
483,Lowell,5801-51 N 5TH ST,22.0,507.5
484,2526-Philadephia - Airport,8880 BARTRAM AVE,63.0,216.2
485,Tacony Academy Charter School,6201 KEYSTONE ST,98.0,273.6
486,2101 Glendale,2101 GLENDALE AVE,2.0,727.7
487,Strickland Condos,1008-20 SPRUCE ST,66.0,381.6
488,Spruance,1601 LEVICK ST,75.0,488.4
489,Old City Presbyterian Apartments,25 N 4TH ST,30.0,321.7
490,Fountain Gardens,2901 WELSH RD,92.0,316.1
491,Saint Hubert's Catholic High School for Girls,7300 TORRESDALE AVE,93.0,572.8
492,Caribe Towers,3231-65 N 2ND ST,92.0,255.6
493,Stearne,4401 PAUL ST,64.0,316.2
494,GAMP,2136 RITNER ST,32.0,682.9
495,MARY FIELD PRESBYTERIAN APARTMENTS,2100 S 58TH ST,79.0,413.0
496,Venango House,2112-22 W VENANGO ST,39.0,468.6
497,Scottish Rite Tower,739-43 S 16TH ST,44.0,419.2
498,Roosevelt,2218-22 WALNUT ST,33.0,380.3
499,Ralston Mercy Douglass,3817-39 MARKET ST,36.0,267.5
500,United Refrigeration Inc. Warehouse 90,11451 E ROOSEVELT BLVD,93.0,235.0
501,3250 S 76th St,3250 S 76TH ST,93.0,330.9
502,Mantua Presbyterian Apartments,600-18 N 34TH ST,32.0,296.6
503,Roman Catholic High School,303 N BROAD ST,80.0,362.4
504,Boekel,509-19 VINE ST,16.0,241.1
505,DHL/PHL,7600 HOLSTEIN AVE,44.0,514.6
506,Bryn Mawr Suites,5100 LEBANON AVE,35.0,676.7
507,Independence Charter School,500-18 S 16TH ST,89.0,214.3
508,Lenox Condominiums,250 S 13TH ST,24.0,536.0
509,PHPA,1550 WARFIELD ST,33.0,366.8
510,ANN THOMAS PRESBYTERIAN APARTMENTS,2000 S 58TH ST,55.0,312.5
511,Hamilton,5624 SPRUCE ST,45.0,407.4
512,First Philadelphia Charter School,4300 TACONY ST,90.0,444.1
513,Pennsylvania School for the Deaf,100-52 W SCHOOL HOUSE LN,29.0,584.1
514,Avondale Apartments,4628 LEIPER ST,31.0,427.7
515,St. Leonard's Court,3819-31 CHESTNUT ST,60.0,341.0
516,Bridesburg,4701 RICHMOND ST,5.0,464.9
517,Salus University,1200 W GODFREY AVE,92.0,333.0
518,Kearsley,2100 N 49TH ST,72.0,1166.0
519,Medical Tower Building,251-57 S 17TH ST,77.0,712.1
520,PHILA-COTTMAN (2418),7422 BUSTLETON AVE,87.0,786.0
521,1760 Market,1742-60 MARKET ST,79.0,782.3
522,097-Hampton Inn - Philadelphia,1301-09 RACE ST,72.0,925.2
523,#4150-PORT RICHMOND,2539-53 CASTOR AVE,70.0,844.4
524,Novick Brothers Corp.,3660 S LAWRENCE ST,43.0,387.1
525,Philadelphia Opportunities Industrialization Center,1231-39 N BROAD ST,74.0,426.6
526,Barry,5900 RACE ST,63.0,480.7
527,Holiday Inn Express Penns Landing,120 N CHRISTOPHER COLUMBUS BLVD,57.0,525.7
528,Parkway House,2201 PENNSYLVANIA AVE,66.0,1268.0
529,FORMAN MILLS 103,401 ADAMS AVE,6.0,688.3
530,River's Edge Condos,2301 CHERRY ST,86.0,774.5
531,Overmont Corp,4001 MONUMENT RD,51.0,771.0
532,Gift of Life Donor Program,401-35 N 3RD ST,63.0,856.9
533,"Muller, Inc.",2800 GRANT AVE,43.0,727.8
534,John Fox Towers,8-24 S 22ND ST,40.0,1232.3
535,(PA2345) - Arts Condominium,1324 LOCUST ST,54.0,1497.1
536,Bethune,3303-61 OLD YORK RD,49.0,560.8
537,Dupont Towers,6100 HENRY AVE,14.0,615.7
538,Park Tower: Park Tower,4001 CONSHOHOCKEN AVE,76.0,675.6
539,7400 Roosevelt,7400 E ROOSEVELT BLVD,91.0,593.5
540,Pier 82 South,1951 S CHRISTOPHER COLUMBUS BLVD,91.0,391.9
541,Salvation Army- Booth Facility,5522 ARCH ST,27.0,525.0
542,Clemente,122-50 W ERIE AVE,65.0,892.5
543,Tucker House Nursing & Rehab,1001-11 WALLACE ST,22.0,849.7
544,Philadelphia PA FP,4101 ISLAND AVE,41.0,843.0
545,Alt Ed Center Hunting Park,4224-50 N FRONT ST,86.0,524.0
546,St. John Neumann Place,2600 MOORE ST,28.0,343.2
547,Heston,5304-46 LANCASTER AVE,31.0,447.2
548,York Square Condominium Association,317 VINE ST,89.0,325.9
549,1520 Locust street,1501 LOCUST ST,70.0,308.2
550,Barratt New Childs,1235 S 16TH ST,15.0,988.9
551,Lawton,4501 BENNER ST,41.0,456.8
552,2045 Wheatsheef Lain,2045 WHEATSHEAF LN,84.0,310.2
553,Building 990,1400 KITTY HAWK AVE,58.0,335.2
554,Steamfitter Union 420,14400 TOWNSEND RD,80.0,467.5
555,900 W Jefferson Street,900 JEFFERSON ST,80.0,283.2
556,Building 101 - CBRE,4700 S 13TH ST,67.0,426.6
557,2815 N. 17TH STREET,2815 N 17TH ST,26.0,552.4
558,"511, A Condominiums",511-19 N BROAD ST,42.0,374.3
559,(PA2497) - 410 South Hill Condominium,410 S FRONT ST,28.0,400.0
560,Washington Square West,218-26 S 11TH ST,96.0,428.2
561,Haverford Court,7400 HAVERFORD AVE,64.0,625.7
562,Allen Ethel,3200 W LEHIGH AVE,32.0,448.8
563,List Associates,3905 FORD RD,90.0,665.1
564,(PA2450) - Belgravia,1811-19 CHESTNUT ST,32.0,335.9
565,Collectors HQ,3257 FOX ST,42.0,547.2
566,Scotts Mills,3510-30 SCOTTS LN,93.0,388.2
567,Upsal Gardens,246 W UPSAL ST,1.0,62190.1
568,Ridge Carlton Apartments,7373 RIDGE AVE,79.0,608.6
569,the metropolitan bala,2738-50 BELMONT AVE,63.0,586.5
570,Salvation Army - Ivy House,4051 FORD RD,52.0,468.6
571,1435 Walnut (Drexel Building),1435-41 WALNUT ST,74.0,337.8
572,Tioga Presbyterian Apartments,1531 W TIOGA ST,36.0,555.8
573,LT02214 - 150 Rouse Blvd,150 ROUSE BLVD,75.0,315.6
574,Liberties Walk Block 1 & 2,1030-40 N 2ND ST,3.0,754.8
575,Edmund Street,7701 EDMUND ST,,0.0
576,Bromley Apartments Limited,6908-12 N 12TH ST,48.0,914.0
577,Residence Inn Philadelphia Airport,3701 ISLAND AVE,75.0,589.3
578,Juniper Residence Hall,311 S JUNIPER ST,48.0,503.1
579,Roxborough HS,6400 RIDGE AVE,86.0,1119.0
580,MFM - 1352 South Street,1352 SOUTH ST,79.0,444.6
581,Welshwood Apartments,2661-69 WILLITS RD,55.0,982.7
582,1163-65 S. BROAD STREET,1163 S BROAD ST,48.0,395.7
583,311dn-Philadelphia - Airport,8900 BARTRAM AVE,62.0,616.1
584,AQ Rittenhouse,2017-23 CHESTNUT ST,57.0,453.7
585,Miller Building,441-45 N 5TH ST,78.0,475.3
586,FORMAN MILLS 113,3500-98 ARAMINGO AVE,27.0,446.9
587,Kate's Place,1929 SANSOM ST,13.0,739.8
588,Holy Family Home,5300 CHESTER AVE,87.0,799.3
589,Willard,1930 E ELKHART ST,8.0,724.4
590,3930 Chestnut St.,3926-38 CHESTNUT ST,44.0,735.6
591,Esperanza Academy,301 W HUNTING PARK AVE,24.0,600.4
592,"Brookmont Apartment Associates, LP",600 RED LION RD,70.0,944.8
593,Cramp,3400 N HOWARD ST,28.0,498.2
594,York House North,1320 W SOMERVILLE AVE,39.0,801.3
595,York House South,5325 OLD YORK RD,32.0,886.9
596,"Hill House Apartment Associates, LLC",125 W EVERGREEN AVE,76.0,854.7
597,120 N. 20th Street,100 N 20TH ST,86.0,523.5
598,Westinghouse Lighting,12401 MCNULTY RD,75.0,691.2
599,Philadelphia PA AH,4301 ISLAND AVE,21.0,514.3
600,LT02181 - 4050 S. 26th Street,4050 S 26TH ST,35.0,459.4
601,Riverside Presby Tower,2300 RACE ST,36.0,684.4
602,Garden Court,4701-29 PINE ST,87.0,958.5
603,Four Freedoms House of Philadelphia,6101 MORRIS ST,87.0,842.7
604,Washington Grover,201 E OLNEY AVE,72.0,681.5
605,The Moravian at Independence,121-35 WALNUT ST,1.0,512.9
606,Hunter,2400 N FRONT ST,29.0,651.5
607,Tivoli Condos,1900 HAMILTON ST,71.0,681.0
608,South Philadelphia,2101 S BROAD ST,92.0,1333.1
609,Gloria Dei Estates,1340 RHAWN ST,40.0,709.1
610,Walnut Park Plaza,6232-50 WALNUT ST,31.0,1268.4
611,#6866-PHILADELPHIA (BUSTLETON AVE),815-25 HENDRIX ST,49.0,881.9
612,21-Myers Hall,202-14 N 33RD ST,42.0,628.3
613,"MW Manor Assoc, LP",507 MANHEIM ST,45.0,635.6
614,Franklin Towne Charter Elementary School,4259 RICHMOND ST,53.0,584.8
615,LT02276 - 201 Rouse Blvd,201 ROUSE BLVD,75.0,547.4
616,Northeast,1601 COTTMAN AVE,92.0,1326.7
617,1201 Chestnut (The Commonwealth),1201-05 CHESTNUT ST,11.0,583.4
618,6451 Oxford Ave,6451-61 OXFORD AVE,1.0,1346.5
619,Munoz Marin,3302-64 N 3RD ST,16.0,775.7
620,Francis House of Peace,810 ARCH ST,1.0,639.2
621,Central HS,1700 W OLNEY AVE,44.0,1386.4
622,Randolph CTE,2901-27 HENRY AVE,32.0,802.2
623,#4101-CHRIS COLUMBUS BLVD,1651 S CHRISTOPHER COLUMBUS BLVD,88.0,715.2
624,1027 Arch Street Lofts in the Pitcairn Building,1027-31 ARCH ST,49.0,443.4
625,The McCallum,6635 MCCALLUM ST,8.0,477.9
626,Community Academy of Philadelphia,1100-40 E ERIE AVE,76.0,485.1
627,Neumann Senior Housing,1601 E PALMER ST,9.0,542.2
628,"Urban Outfitters, Inc. - Building #010",5000 S BROAD ST,26.0,598.5
629,Feltonville Arts,206-10 E COURTLAND ST,21.0,599.7
630,Corn Exchange,123-29 CHESTNUT ST,21.0,563.4
631,3624 Market St,3624 MARKET ST,45.0,2152.8
632,Turner,5900 BALTIMORE AVE,32.0,696.4
633,Juniata Park,801-39 E HUNTING PARK AVE,9.0,725.7
634,Simpson House Inc.,4360 MONUMENT RD,86.0,1542.6
635,Frankford HS,5000 OXFORD AVE,89.0,1465.4
636,LT02182 - 4020 S. 26th Street,4020 S 26TH ST,45.0,530.2
637,Oakwood Healthcare,2109 RED LION RD,52.0,701.5
638,deBurgos,401-21 W LEHIGH AVE,37.0,743.5
639,Washington HS,10153-99 BUSTLETON AVE,91.0,1210.1
640,Joshua House,2607 WELSH RD,90.0,999.9
641,Maplewood Nursing & Rehabilitation,125 W SCHOOL HOUSE LN,96.0,706.8
642,Carver,1901-51 N 17TH ST,59.0,708.2
643,3550 Market,3520-50 MARKET ST,48.0,581.9
644,2.0 University Place,30 N 41ST ST,84.0,604.4
645,"135 South 18th Street, Philadelphia",135 S 18TH ST,9.0,613.0
646,PKG GAR_ LIACOURAS CTR,1700 N 15TH ST,,56.0
647,"211 N. 13th Street Associates, LP",211-21 N 13TH ST,21.0,525.2
648,L01973 - One Crescent Drive,1 CRESCENT DR,90.0,426.0
649,Franklin HS,548 N BROAD ST,76.0,1050.2
650,Casa Farnese,1300-28 LOMBARD ST,83.0,759.6
651,Rhodes EW,2900 W CLEARFIELD ST,15.0,950.2
652,Dobbins CTE,2100-50 W LEHIGH AVE,90.0,1386.9
653,Pensdale Housing Inc.,420 PENSDALE ST,1.0,529.0
654,Kensington HS CAPA,1901 N FRONT ST,35.0,391.4
655,4025 Chestnut (American Law Institute),4023-27 CHESTNUT ST,68.0,518.3
656,3132B-Courtyard Philadelphia South,1001 INTREPID AVE,48.0,818.2
657,Select Nutrition Distributors,2722 COMMERCE WAY,31.0,690.6
658,Bartram HS,6601 ELMWOOD AVE,96.0,1933.5
659,CAPA,901-33 S BROAD ST,70.0,765.4
660,Gateway Enclaves LP,3900 GATEWAY DR,83.0,683.2
661,Diamond Green,1000 DIAMOND ST,73.0,699.2
662,Charles Schober Company,2000-34 N 2ND ST,98.0,33.8
663,Domino Lane Apartments,477-89 DOMINO LN,87.0,236.6
664,Inglis Gardens at Belmont I,2564 BELMONT AVE,63.0,190.9
665,Somerset Villas Inc,200 E SOMERSET ST,91.0,299.7
666,Stevenson Terrace Apts,6201 N 10TH ST,95.0,539.6
667,1 Brown Street Associates,1 BROWN ST,88.0,825.5
668,800 North Delaware,800 N DELAWARE AVE,64.0,483.3
669,Mastbaum CTE,3116 FRANKFORD AVE,80.0,960.9
670,Friends Select School,1600-46 RACE ST,51.0,780.0
671,Becker Building,1151-61 N 3RD ST,100.0,138.3
672,Garden Court Condominium,4617 PINE ST,46.0,1359.8
673,Deb,9401 BLUE GRASS RD,99.0,250.6
674,South Philadelphia Station ZSPH/190 - 1 Tinicum Island Road,1 TINICUM ISLAND RD,20.0,803.1
675,Park Heights Apartments,5553 WISSAHICKON AVE,90.0,1095.1
676,31-Millenium Hall,219-25 N 34TH ST,43.0,700.6
677,The Isle,1 COTTON ST,63.0,639.9
678,Alden Park Manor - Cambridge,2967 W SCHOOL HOUSE LN,84.0,1011.1
679,#4109-CHELTENHAM,2385 CHELTENHAM AVE,74.0,781.8
680,The Latham,135 S 17TH ST,19.0,520.1
681,Curtis Center,170 S INDEPENDENCE MALL W,95.0,4324.3
682,2116 Chestnut,2116 CHESTNUT ST,35.0,1707.1
683,Wyndham - Philadelphia Historic District,400 ARCH ST,77.0,1598.0
684,125 S. 9th (Sheridan Building),125-37 S 9TH ST,85.0,558.7
685,Bella Vista Condos,1101 WASHINGTON AVE,60.0,652.7
686,Penn Alexander,4201 SPRUCE ST,11.0,640.1
687,Cliveden Nursing and Rehabilitation Center,301 W JOHNSON ST,14.0,989.6
688,26-Caneris Hall,115-25 N 32ND ST,27.0,1011.2
689,Chestnut Hall,3900-06 CHESTNUT ST,44.0,1618.7
690,L A 1229 Chestnut St.,1229-37 CHESTNUT ST,64.0,1418.6
691,CSE Centennial Village,4400 W GIRARD AVE,27.0,713.8
692,Paseo Verde North and South,1900 N 9TH ST,89.0,615.6
693,PHILADELPHIA NE (1809),11000 E ROOSEVELT BLVD,88.0,848.5
694,Rittenhouse Claridge,201 S 18TH ST,62.0,2470.1
695,Penn Treaty Park Place,1334-76 BEACH ST,92.0,787.3
696,Olney HS,5101 MASCHER ST,98.0,889.1
697,29-Race Hall,3300 RACE ST,42.0,872.8
698,Council for Two Twenty West Rittenhouse Square,220 W RITTENHOUSE SQ,2.0,1126.8
699,Homewood Suites University City,4109 WALNUT ST,72.0,617.9
700,Warehouse,9 N 9TH ST,83.0,688.4
701,St Regis Apartments,2201 TREMONT ST,83.0,1301.7
702,#4166 Phil/Oregon Ave,2200 OREGON AVE,66.0,750.2
703,Gateway Towers,3600 GATEWAY DR,79.0,1226.8
704,Center City 1,1326-42 SPRUCE ST,94.0,929.7
705,Chestnut Hill Village,7715 CRITTENDEN ST,75.0,3627.9
706,The Touraine Apartments,1520-28 SPRUCE ST,4.0,1625.8
707,Croydon Hall Apartments,241 S 49TH ST,29.0,586.5
708,1411 Walnut St.,1411-19 WALNUT ST,36.0,627.5
709,KlingStubbins,2301 CHESTNUT ST,78.0,690.8
710,Two Commerce Square,2001 MARKET ST,84.0,7589.6
711,Sofitel Philadelphia,116-22 S 17TH ST,40.0,2531.0
712,Walmart Supercenter #01-2141,1675 S CHRISTOPHER COLUMBUS BLVD,82.0,1259.7
713,Paul's Run,9882-90 BUSTLETON AVE,1.0,4941.0
714,Southeast WPCP,25 PATTISON AVE,99.0,7106.9
715,Western Union Building,1101 LOCUST ST,21.0,892.2
716,FMC Tower (167),30TH & WALNUT ST,73.0,5783.6
717,West River Apartments,3601 CONSHOHOCKEN AVE,85.0,623.5
718,3601 Market Street,3601 MARKET ST,44.0,1838.2
719,3737 Chestnut,3737 CHESTNUT ST,87.0,1419.7
720,2200 Arch Street,2200-28 ARCH ST,24.0,1414.7
721,Fairfield Inn Philadelphia,8800 BARTRAM AVE,89.0,314.7
722,Canterbury Court,9951 ACADEMY RD,48.0,752.4
723,3000 Orthodox St,3000 ORTHODOX ST,96.0,128.9
724,Giant Supermarket Grant Ave,2550 GRANT AVE,93.0,1060.3
725,Walmart Store #01-5130,9745R E ROOSEVELT BLVD,56.0,1229.8
726,Regency Park Apartments,800 COTTMAN AVE,44.0,1215.5
727,Cottman & Castor,7301 CASTOR AVE,42.0,1121.0
728,#4112-ROOSEVELT BLVD,4660 E ROOSEVELT BLVD,60.0,1190.2
729,30 South 15th Associates,30-36 S 15TH ST,77.0,1761.2
730,Greenbriar Club Apartments,3901 CONSHOHOCKEN AVE,25.0,2794.7
731,Family Court_Arch St,1503A-11 ARCH ST,40.0,4920.4
732,3701 Market St.,3701 MARKET ST,1.0,3611.7
733,Philadelphia,2760 RED LION RD,30.0,5264.6
734,14300 Townsend Rd,14300 TOWNSEND RD,11.0,1057.7
735,COFCO - 2200,2200 N AMERICAN ST,92.0,180.8
736,1608 Walnut Street Associates LP,1608-14 WALNUT ST,87.0,1096.9
737,3440 Market St,3440 MARKET ST,32.0,17.9
738,King HS,6000 STENTON AVE,49.0,2406.8
739,CDC,5400 LANGDON ST,91.0,2943.7
740,(PA2473) - Rittenhouse Condo & Hotel,202-10 W RITTENHOUSE SQ,5.0,4567.9
741,One Penn Center,1601 JOHN F KENNEDY BLVD,89.0,4071.5
742,COFCO - 2400,2400-10 N AMERICAN ST,82.0,39.4
743,PHI Philadelphia Airport Embassy Suites,9000 BARTRAM AVE,38.0,1702.8
744,PC - 4 Towers,3900 CITY AVE,86.0,3103.3
745,North x Northwest (N),450 N 18TH ST,85.0,1113.7
746,Dalian on the Park,500 N 21ST ST,90.0,1417.1
747,07742-Academy,3200 RED LION RD,56.0,1092.4
748,Shoprite in South Philadelphia,2301-11 OREGON AVE,61.0,1237.7
749,ShopRite of Fox Street,2800 FOX ST,56.0,1937.9
750,Parc Rittenhouse Condominium,219-29 S 18TH ST,1.0,3244.0
751,International House Philadelphia,3701-15 CHESTNUT ST,6.0,1855.3
752,Hathaway House Apts.,515 W CHELTEN AVE,87.0,645.8
753,ISMAEL & DAHABREH LLC,5695 RISING SUN AVE,98.0,77.9
754,Bernice Arms,6000 BALTIMORE AVE,81.0,171.1
755,HELP USA 6100,6100 EASTWICK AVE,92.0,126.0
756,Mt. Airy,6350 GREENE ST,60.0,1235.0
757,1084,7300 BUSTLETON AVE,75.0,1208.9
758,Society Hill Towers Owners Association,200 LOCUST ST,90.0,3403.3
759,(PA2488) - Park Place Condos,3900 FORD RD,80.0,2764.7
760,The Widener Building,1327-39 CHESTNUT ST,62.0,3601.1
761,Tindley Temple United Methodist Church,750-62 S BROAD ST,97.0,136.6
762,Wynne Senior,2001 N 54TH ST,99.0,110.5
763,Hayes Manor,2210 BELMONT AVE,54.0,326.0
764,TECH Freire Charter High School,2221 N BROAD ST,17.0,284.2
765,Edgewater,2323 RACE ST,68.0,1402.6
766,ShopRite of Aramingo Avenue,3745 ARAMINGO AVE,26.0,2078.4
767,Independence Blue Cross,1901-17 MARKET ST,93.0,5482.4
768,LT02184 - Five Crescent Drive,4499 S BROAD ST,93.0,1448.1
769,PHILADELPHIA SE (1443),1-79 MIFFLIN ST,80.0,907.0
770,Duffield House Apartments,3701 CONSHOHOCKEN AVE,61.0,1305.7
771,Shop Rite of Parkside Plaza,1575 N 52ND ST,62.0,1600.9
772,Audenried,1601 S 33RD ST,21.0,1447.5
773,Riverview Place,520 N CHRISTOPHER COLUMBUS BLVD,79.0,1208.6
774,Barclay,237-47 S 18TH ST,11.0,1924.2
775,BJ's Wholesale Club,2044 RED LION RD,16.0,1404.9
776,Philadelphia Nursing Home,2100 W GIRARD AVE,1.0,2675.9
777,The Logan Hotel,1800 BENJAMIN FRANKLIN PKWY,36.0,3347.2
778,Chubb Philadelphia,428-36 WALNUT ST,85.0,2110.4
779,(PA2414) - Metroclub Condominiums,201-59 N 8TH ST,72.0,886.3
780,Research Building,444 N 3RD ST,73.0,1034.8
781,400 Market,400 MARKET ST,63.0,1337.2
782,Penn Center House,1900 JOHN F KENNEDY BLVD,75.0,2519.3
783,07747-Red Lion,920 RED LION RD,65.0,1459.1
784,(PA2459) - Toll Naval Square,1 ACADEMY CIR,100.0,1388.2
785,1912-20 Arch St. Associates,1900-24 ARCH ST,75.0,1243.3
786,Holy Redeemer Health System - Verree Rd,8580 VERREE RD,91.0,2165.5
787,The Philadelphia Design Building,2300-20 CHESTNUT ST,1.0,1896.8
788,Sheraton Hotel - Philadelphia Society Hill,1 DOCK ST,40.0,2408.0
789,One Washington Square,508-32 WALNUT ST,81.0,6564.7
790,IRS 30th Street Campus (165),2970 MARKET ST,92.0,6149.8
791,The Lits Building,701-39 MARKET ST,75.0,5809.3
792,Victoria Woods,9601 ASHTON RD,50.0,1204.6
793,Caring Heart Rehabilition and Nursing Center,6445-55 GERMANTOWN AVE,68.0,1174.9
794,lowes 1848,9725R E ROOSEVELT BLVD,80.0,953.1
795,Navona,1050 N HANCOCK ST,29.0,1023.8
796,2114 Arch Street Associates,2114-40 ARCH ST,33.0,1285.2
797,Alden Park Manor - Manor,5702 WISSAHICKON AVE,78.0,1862.3
798,"Henry on the Park JV, LP",7901 HENRY AVE,74.0,2669.0
799,US Treasury Building,13000 TOWNSEND RD,10.0,1338.7
800,2400 Chestnut,2400 CHESTNUT ST,84.0,1371.0
801,Dorchester Owners Association,224-30 W RITTENHOUSE SQ,4.0,3866.8
802,Land Title Building,100 S BROAD ST,72.0,2483.5
803,Care Pavilion of Walnut Park,6200-30 WALNUT ST,64.0,1341.2
804,Hotel Palomar Philadelphia,115-21 S 17TH ST,25.0,1697.7
805,Swenson CTE,2750 RED LION RD,4.0,1551.3
806,Edison,151 W LUZERNE ST,73.0,1629.6
807,642 N. Broad,642-48 N BROAD ST,96.0,1330.9
808,171-Rittenhouse Hotel,202 W RITTENHOUSE SQ # HOTEL,2.0,2025.5
809,Dockside Condominium Association,717 S CHRISTOPHER COLUMBUS BLVD,56.0,1873.6
810,299 - Cottman Avenue,2100 BLEIGH AVE,30.0,1835.0
811,381-Chestnut Square,3200L CHESTNUT ST # A,76.0,2040.7
812,"1600 MARKET STREET, Site #602760",1600-22 MARKET ST,86.0,4765.6
813,ARAMARK Tower,1101-11 MARKET ST,85.0,5024.8
814,3711 Market St.,3711 MARKET ST,1.0,4479.8
815,Nazareth Hospital,2601 HOLME AVE,85.0,7343.7
816,Roosevelt Mall-Macy's Building,7350 E ROOSEVELT BLVD,97.0,896.0
817,Constitution Place,325-41 CHESTNUT ST,79.0,1418.9
818,Mast Charter School,1800 BYBERRY RD,27.0,1220.8
819,Shop Rite of Island Avenue,2900 ISLAND AVE,68.0,1485.3
820,230 S. Broad,230 S BROAD ST,54.0,1868.8
821,4700 Wissahickon Ave.,4422-88 WISSAHICKON AVE,62.0,3246.6
822,Sonesta - Philadelphia,1800 MARKET ST,30.0,2948.6
823,Pep Boys,3111 W ALLEGHENY AVE,92.0,2520.3
824,ARIA - Jefferson Health Torresdale,10800 KNIGHTS RD,35.0,11735.7
825,Methodist Hospital,2301 S BROAD ST,15.0,7274.0
826,The Philadelphia Protestant Home,6401 MARTINS MILL RD,1.0,5064.4
827,Med Arts,1601-05 WALNUT ST,55.0,893.5
828,William Penn Charter School,3000 W SCHOOL HOUSE LN,73.0,1904.2
829,Hilton Pennslanding Philadelphia,201L S CHRISTOPHER COLUMBUS BLVD,77.0,2905.7
830,UPS Oregon Ave,15 OREGON AVE,38.0,3005.8
831,1635 Market,1625-37 MARKET ST,70.0,2178.2
832,Honor Foods,1801 N 5TH ST,2.0,2028.0
833,Sterling Apartment Homes,1801 JOHN F KENNEDY BLVD,13.0,3639.5
834,24-North Hall,3200 RACE ST,55.0,995.0
835,O & O Owner LLC,5675 N FRONT ST # 1,88.0,1572.5
836,Erbe,1001-13 N 2ND ST,1.0,1489.0
837,615 Chestnut Street,615 CHESTNUT ST,93.0,2285.0
838,33737-Philadelphia Airport,1 ARRIVALS RD,20.0,3227.8
839,Rush,11081 KNIGHTS RD,14.0,1163.3
840,Walmart Supercenter #01-5891,2200 WHEATSHEAF LN,65.0,1137.2
841,Riverloft,2300-20 WALNUT ST,22.0,1036.9
842,Philadelphia - 215,2206 S CHRISTOPHER COLUMBUS BLVD,99.0,1087.1
843,2401 Walnut,2401 WALNUT ST,83.0,953.0
844,Waterfront Square,901 N PENN ST,59.0,3352.3
845,Philadelphia Cheesesteak Company,500 E HUNTING PARK AVE,1.0,3210.4
846,(PA2284) - 2601 Parkway Condos,2601 PENNSYLVANIA AVE,42.0,2354.1
847,ARIA - Jefferson Health Frankford,4900-40 FRANKFORD AVE,65.0,3905.2
848,Einstein Medical Center Philadelphia,5401-65 OLD YORK RD,94.0,21228.9
849,07715-Oregon & 19th,1901 JOHNSTON ST,41.0,1158.2
850,School of the Future,4001L PARKSIDE AVE,13.0,1302.7
851,(PA2418) - Ayer Condominium,210 W WASHINGTON SQ,1.0,1482.1
852,United Refrigeration Inc. Headquarters,11401 E ROOSEVELT BLVD,17.0,1076.8
853,Temple University Health System,2450 W HUNTING PARK AVE,42.0,2571.4
854,Sysco Philadelphia Food Service Warehouse,600 PACKER AVE,88.0,2552.3
855,Procacci Brothers Sales Corp.,3333 S FRONT ST,52.0,2756.3
856,Packard Grande,111 S 15TH ST,47.0,2670.3
857,Overbrook School for the Blind,6333 MALVERN AVE,70.0,1821.9
858,American Postal Workers House,801-29 LOCUST ST,48.0,900.6
859,PHILA-BRIDESBURG (2075),2701 CASTOR AVE,81.0,963.1
860,International City Mews & Villas,7833 LINDBERGH BLVD,89.0,1889.5
861,Hilton Philadelphia-Homewood Suites,4200 CITY AVE,55.0,1935.6
862,Rittenhouse Hill,600 HARVEY ST,50.0,2561.2
863,(PA2141 - 2244) - City View North & South,2001 HAMILTON ST,38.0,2644.0
864,Sheraton Suites Philadelphia Airport,4201 ISLAND AVE,81.0,1118.1
865,(PA2326) - Riverwest Condominium,2101-17 CHESTNUT ST,37.0,2059.3
866,Health Administration Building,500-10 S BROAD ST,21.0,992.5
867,"Sherwood Crossing Associates, LLC",3400 RED LION RD,70.0,1750.3
868,Wesley Enhanced Living Pennypack Park,8401 E ROOSEVELT BLVD,69.0,1441.7
869,Sam's Club #18-6332,1000 FRANKLIN MILLS CIR,28.0,1657.1
870,153-ONE LOGAN SQUARE,130 N 18TH ST,89.0,6818.5
871,03-1-Philadelphia Head Office,150 N INDEPENDENCE MALL W,47.0,8295.2
872,Quartermaster,2820A S 20TH ST # 12,91.0,992.0
873,Alden Park Manor - Kenilworth,2979 W SCHOOL HOUSE LN,91.0,1392.9
874,"Urban Outfitters, Inc. - Building #18",1620 KITTY HAWK AVE,1.0,3633.7
875,380-University Village-Temple,1721-33 N 10TH ST,48.0,1079.1
876,121 S. Broad,115-21 S BROAD ST,47.0,1255.5
877,BJ's Wholesale Club 162,2200 OREGON AVE UNIT A,24.0,1454.0
878,Hilton Home2 Hotel,1200 ARCH ST,49.0,1187.7
879,Grandveiw Condominium,1100 VINE ST,16.0,1234.6
880,Shop Rite of Roxborough,6901 RIDGE AVE,86.0,1295.0
881,Distribution Center #9001,8350 ENTERPRISE AVE,61.0,1573.9
882,Walmart Supercenter #01-2650,4301 BYBERRY RD,78.0,1709.6
883,One Franklin Town,1 FRANKLIN TOWN BLVD,84.0,1639.4
884,American College of Physicians Headquarters,190 N INDEPENDENCE MALL W,89.0,1713.5
885,Doubletree Hotel,233-43 S BROAD ST,63.0,3487.4
886,Hotel Monaco Philadelphia,433-41 CHESTNUT ST,1.0,2126.5
887,Holiday Inn Express Midtown,1305-11 WALNUT ST,30.0,787.4
888,Powerback Rehabilitation,1518-40 LOMBARD ST,52.0,953.6
889,Franklin Towne Charter High School,2275 BRIDGE ST # 12,9.0,1047.6
890,Fresh Grocer,5361-91 CHEW AVE,15.0,1450.7
891,291 - Girard Avenue,180 W GIRARD AVE,47.0,1217.3
892,DOMUS,3401L CHESTNUT ST,98.0,1638.4
893,Philadelphia Warehousing and Cold Storage,500 N CHRISTOPHER COLUMBUS BLVD,79.0,1501.4
894,382-The Summit at University City,3400L LANCASTER AVE,3.0,4146.3
895,"834 Chestnut Street, Philadelphia",822-38 CHESTNUT ST,20.0,3971.4
896,Municipal Services Building (MSB),1400-30 ARCH ST,76.0,3807.1
897,PHILADELPHIA WEST (2124),4000 MONUMENT RD,83.0,1097.4
898,2121 Market St.,2121-41 MARKET ST,50.0,1034.9
899,Kardon-Atlantic,1801-23 N 10TH ST,93.0,1097.6
900,Philip Murray House I,6300 OLD YORK RD,9.0,1572.4
901,The Granary,1901-39 CALLOWHILL ST,27.0,1490.1
902,Wanamaker House,2018-32 WALNUT ST,28.0,1676.6
903,Hopkinson House,604-36 S WASHINGTON SQ,100.0,2029.4
904,National Board of Medical Examiners,3722-46 MARKET ST,53.0,1610.0
905,385-University Crossings,3175 JOHN F KENNEDY BLVD,12.0,2662.5
906,Park Towne Place,2201 PARK TOWNE PL,92.0,4380.4
907,Watermark at Logan Square,2 FRANKLIN TOWN BLVD,11.0,2961.4
908,07704-Harbison,2701 MAGEE AVE,60.0,1214.4
909,(PA2219) - 2101 Cooperative Inc.,2101-07 WALNUT ST,17.0,1813.4
910,Walmart Store #01-5103,4620-40 E ROOSEVELT BLVD,53.0,1097.6
911,07725-Pennypack Circle,8200 E ROOSEVELT BLVD,57.0,1184.2
912,River Park House Condominium,3600 CONSHOHOCKEN AVE,36.0,2467.0
913,Preferred Freezer Services-Phila,3101 S 3RD ST,44.0,1416.7
914,Roxborough Memorial Hospital,500 JAMESTOWN AVE,100.0,3063.4
915,Delmar,319 W CHELTEN AVE,40.0,236.6
916,Goldtex,315-23 N 12TH ST,4.0,1010.6
917,Bank Street Court,24-30 BANK ST,78.0,186.8
918,Produce Garden,2041-55 CORAL ST,100.0,16.2
919,24232-Philadelphia / Grant Avenue,2700 GRANT AVE,100.0,17.0
920,Jomar Textiles. Inc.,5300 WHITAKER AVE,,140.9
921,0981-Philadelphia - Oxford Ave.,6204-08 OXFORD AVE,87.0,42.0
922,23216-Philadelphia / Oxford AVE,6225 OXFORD AVE,100.0,51.1
923,0774-Philadelphia - Grant Avenue,1553 GRANT AVE,83.0,56.9
924,08128-Airport,7000 LINDBERGH BLVD,100.0,49.1
925,23103-Philadelphia / Byberry Road,1251 BYBERRY RD,100.0,24.5
926,St. Patrick's Church,250 S 20TH ST,100.0,21.2
927,Praveen Chestnut LLC,6235-41 CHESTNUT ST,100.0,31.3
928,900-58 N. 9TH STREET,900-58 N 9TH ST,100.0,4.5
929,24417-Philadelphia / Tacony Street,6301 TACONY ST,100.0,12.3
930,American Supply Co,2413-23 N AMERICAN ST,100.0,13.3
931,21808-Philadelphia / Ridge AVE,7571 RIDGE AVE,98.0,62.3
932,Pier 78 South Annex,9 SNYDER AVE,95.0,94.9
933,University Apartments,1500-14 N 15TH ST,85.0,224.3
934,The Residences at 1221,1221 MOUNT VERNON ST,99.0,117.5
935,(PA3558) - 2400 South,600 S 24TH ST,100.0,107.5
936,Pier 74 Annex,1901 S CHRISTOPHER COLUMBUS BLVD,66.0,97.9
937,Lesco Paper & Box Co,651 E WYOMING AVE,86.0,86.7
938,Frankford Lofts,1039-55 FRANKFORD AVE,83.0,134.8
939,Brewery Condominiums- Main House,825 N 29TH ST,96.0,155.9
940,"4250 Wissahickon Avenue, Inc.",4250 WISSAHICKON AVE,51.0,161.3
941,2201 Cherry Street,2201 CHERRY ST,92.0,170.2
942,Sugar Refinery,225-31 CHURCH ST,89.0,192.7
943,Bailey,1218-22 CHESTNUT ST,94.0,148.2
944,500 Erie Ave,500-50 E ERIE AVE,76.0,149.3
945,Callowhill,1025 CALLOWHILL ST,44.0,386.6
946,Cigar Factory Condominium,1147-53 N 4TH ST,37.0,207.6
947,Crafts House Apartments,51-55 N 3RD ST,48.0,235.2
948,7198,3301 ARAMINGO AVE,77.0,298.6
949,Berger Building,229 ARCH ST,45.0,285.5
950,Hamilton Court,3816-36 CHESTNUT ST,100.0,265.9
951,23 A Condominium,23 S 23RD ST,100.0,185.0
952,Liberty View,2031 SOUTH ST,79.0,187.2
953,1700 Associates,1700 WALNUT ST,100.0,188.2
954,Del Campo,1011 N HANCOCK ST,100.0,190.5
955,Canal House,4250 MAIN ST,60.0,255.0
956,Locust Point Condominium Association,2429-41 LOCUST ST,100.0,230.6
957,"921 Ellsworth, LP",921-31 ELLSWORTH ST,84.0,197.7
958,Smythe Stores Condominiums,101-11 ARCH ST,87.0,209.8
959,Vida Apartments,235 S 15TH ST,89.0,212.2
960,GWC/GLC 19070/160 W ERIE AVE/PHILADELPHIA/PA,160 W ERIE AVE,96.0,213.3
961,Penns View Apartments,303 VINE ST,78.0,213.5
962,(PA2509) - Beaux Arts,1238 CALLOWHILL ST,59.0,320.5
963,Archworks Philadelphia,117-31 N 8TH ST,69.0,327.8
964,Chimney Hill,161 LEVERINGTON AVE,94.0,328.3
965,CO/GLC 14340/3429 N 17TH ST/PHILADELPHIA/PA,3429 N 17TH ST,8.0,664.6
966,(PA2449) - Pier 5 COA,7 N CHRISTOPHER COLUMBUS BLVD,77.0,659.6
967,The Courts,3500-40 POWELTON AVE,52.0,708.0
968,312 Walnut Street Association LP,312-22 WALNUT ST,52.0,376.8
969,The Metropolitan,111-23 N 15TH ST,15.0,676.6
970,Montesino,1010 N HANCOCK ST,100.0,363.3
971,"On Lok House, Inc.",209-19 N 10TH ST,20.0,273.6
972,105 S. 12th (The White Building),105 S 12TH ST,9.0,275.0
973,The WireWorks Historic Condominiums,301 RACE ST,55.0,332.1
974,The Chatham,135 S 20TH ST,64.0,349.2
975,L A 1600 Walnut LP,1600-02 WALNUT ST,74.0,353.7
976,American Loft,212 BROWN ST,62.0,301.2
977,Old Quaker Building,3514-30 LANCASTER AVE,27.0,308.5
978,FORMAN MILLS 106,4806-98 MARKET ST,49.0,316.6
979,The Lofts at Logan View,1666 CALLOWHILL ST,87.0,388.2
980,Interfaith House in Germantown,14-20 W CHELTEN AVE,39.0,390.4
981,CO/GLC 17110/6468 N BROAD ST/PHILADELPHIA/PA,6469 OLD YORK RD,34.0,448.9
982,Scottish Rite House,1511-33 FITZWATER ST,30.0,538.3
983,Fishers Crossing,4901-37 STENTON AVE,92.0,541.4
984,Cotswold Group - Hunting Park Plaza,700 E HUNTING PARK AVE,86.0,407.9
985,Front and Olney,101 E OLNEY AVE,56.0,492.9
986,Philadelphia Traffic Court,800-12 SPRING GARDEN ST,63.0,475.7
987,(PA2422) - The Pearl,815-37 ARCH ST,84.0,423.9
988,The Chocolate Works,231-47 N 3RD ST,31.0,587.5
989,Nugent Senior Apartments,221 W JOHNSON ST,54.0,193.4
990,ADR 2031 Locust LP,2027-35 LOCUST ST,99.0,195.6
991,PECO Christian Street Service Center,830 SCHUYLKILL AVE,37.0,551.1
992,1401 Walnut Street,1401 WALNUT ST,3.0,754.6
993,PC - Monroe,1 WINDING DR,83.0,364.0
994,Armory Lofts,1221-31 S BROAD ST,94.0,120.0
995,1222 Arch Street Partners,1222 ARCH ST,77.0,168.7
996,Lindley Court Apartments,1300 LINDLEY AVE,100.0,97.8
997,The Fairmount at Brewerytown,1363 N 31ST ST,47.0,975.9
998,Admin - Education Center,440 N BROAD ST,93.0,3773.3
999,1700 Chestnut Street,1700-06 CHESTNUT ST,13.0,751.5
1000,North x NorthWest (NW),450 N 18TH ST,98.0,752.0
1001,Procacci Brothers Sales Corp. B5,3501 S 3RD ST,56.0,752.2
1002,SAB Holdings LP,230-38 N 21ST ST,55.0,757.7
1003,Bridgeview Place,315 NEW ST,45.0,766.2
1004,The Arch Condominiums,315 ARCH ST,1.0,580.1
1005,CO/GLC 13080/5650 CHESTNUT ST/PHILADELPHIA/PA,5638-52 CHESTNUT ST,9.0,908.5
1006,910 Cherry Street,910 CHERRY ST,93.0,197.4
1007,Pathmark Store 6556,4160 MONUMENT RD,92.0,1284.2
1008,CO/GLC 17120/7254 RISING SUN AVE/PHILADELPHIA/PA,7254 RISING SUN AVE,1.0,1121.6
1009,(PA2420) - Pier 3 Condominiums,3 N CHRISTOPHER COLUMBUS BLVD,6.0,1495.8
1010,Mansion at Bala,4700 CITY AVE,41.0,1509.7
1011,ephs realty,5704 MUSGRAVE ST,99.0,42.5
1012,International City Chalets,8400 LINDBERGH BLVD,44.0,1541.9
1013,1525 Locust,1525-29 LOCUST ST,38.0,889.9
1014,Chesterman,410 MEMPHIS ST,86.0,162.6
1015,428 N 13TH ST Condominium,428 N 13TH ST,100.0,24.7
1016,5215 Schuyler,5215 SCHUYLER ST,100.0,69.4
1017,CO/GLC 19008/4808 LEIPER ST/PHILADELPHIA/PA,1351 FOULKROD ST,4.0,1044.6
1018,7625 Suffolk Ave,7625 SUFFOLK AVE,96.0,83.3
1019,Mariner's Court,221 VINE ST,77.0,145.5
1020,2424 Studios,2424 E YORK ST,82.0,411.0
1021,One Water Street Associates,250 N CHRISTOPHER COLUMBUS BLVD,69.0,837.3
1022,CO/GLC 19100/1601 JEFFERSON ST/PHILADELPHIA/PA,1601 JEFFERSON ST,1.0,847.7
1023,Dobson Mills,4055 RIDGE AVE,84.0,1799.6
1024,600 North Broad Association,1440 MOUNT VERNON ST,1.0,814.4
1025,CO/GLC 13030/5160 LANCASTER AVE/PHILADELPHIA/PA,5160 LANCASTER AVE,1.0,884.1
1026,CO/GLC 13090/3810 CHESTNUT ST/PHILADELPHIA/PA,3808-14 CHESTNUT ST,2.0,1161.3
1027,Smylie Times Building - 2607 Rhawn St,2607 RHAWN ST,5.0,1095.8
1028,Cosmopolitan Apartments,205-27 S 12TH ST,61.0,782.2
1029,Left Bank,3118-98 CHESTNUT ST,53.0,783.9
1030,Crowne Plaza Philadelphia West,4100 PRESIDENTIAL BLVD,43.0,1123.8
1031,LT02185 - 800 Walnut Street,800-34 WALNUT ST UNIT A5,65.0,1123.8
1032,Two Liberty Place,1601 CHESTNUT ST,70.0,8725.8
1033,Eastwick Center/PA/Site #F166,8800 TINICUM BLVD,88.0,2360.0
1034,Southwest WPCP,8200 ENTERPRISE AVE,90.0,24010.5
1035,CO/GLC 14010/8318 GERMANTOWN AVE/PHILADELPHIA/PA,8318-24 GERMANTOWN AVE,2.0,946.1
1036,lowes 2732,3800 ARAMINGO AVE,77.0,879.9
1037,CO/GLC 12170/2000 S BROAD ST/PHILADELPHIA/PA,2000-12 S BROAD ST,3.0,1400.9
1038,150-CIRA CENTRE,2929 ARCH ST,79.0,7524.1
1039,One Commerce Square,2005 MARKET ST,83.0,8065.2
1040,One Liberty Place,1650 MARKET ST,78.0,8462.5
1041,Calvary Chapel of Phila.,13500-50 PHILMONT AVE,19.0,890.8
1042,2040 Market St Associates,2026-58 MARKET ST,73.0,1291.5
1043,Frankford Candy,9300 ASHTON RDUNIT 1,78.0,1314.4
1044,154-TWO LOGAN SQUARE,100-20 N 18TH ST,87.0,6578.8
1045,1880 JFK,1880 JOHN F KENNEDY BLVD,87.0,1443.3
1046,Independence Place Owners Association,233 S 6TH ST,36.0,3024.8
1047,CO/GLC 16600/423 S 17TH ST/PHILADELPHIA/PA,423 S 17TH ST,1.0,1458.8
1048,lowes 1849,2106 S CHRISTOPHER COLUMBUS BLVD,73.0,959.6
1049,CO/GLC 17012/2210 LOTT ST/PHILADELPHIA/PA,2210 LOTT AVE,1.0,966.6
1050,Packard Motor Car Building,315-21 N BROAD ST,11.0,971.9
1051,lowes 2378,1500 N 50TH ST,73.0,981.6
1052,1800 JFK,1800 JOHN F KENNEDY BLVD,89.0,1396.7
1053,TEMPLE TOWERS,1200-50 CECIL B MOORE AVE,,1134.5
1054,The Children's Hospital fo Philadelphia,3401 CIVIC CENTER BLVD,,90258.0
1055,NEW TYLER SOA,2020 N 12TH ST,,7286.9
1056,The Racquet Club of Philadelphia,213-15 S 16TH ST,,625.6
1057,CONWELL HALL,1801-35 N BROAD ST,,824.2
1058,3010 Market Street,3000-18 MARKET ST,,356.6
1059,PODIATRIC - HOUSING,801 CHERRY ST,,541.7
1060,SPEAKMAN,1801-35 N BROAD ST,,1232.4
1061,RITTER HALL,1726-50 N 13TH ST,,1046.7
1062,MITTEN,1901-39 N BROAD ST,,1598.5
1063,Monell Center,3508-18 MARKET ST,,829.8
1064,Historical Society of Pennsylvania,1300-12 LOCUST ST,,684.4
1065,HARDWICK,2001-47 N BROAD ST,,3316.7
1066,MEDICAL RESEARCH BLDG,3420-30 N BROAD ST,,3383.6
1067,GITTIS STUDENT CENTER,1713-55 N 13TH ST,,1457.1
1068,WEISS,1701 N 13TH ST,,2146.4
1069,13-Nesbitt,3201-47 MARKET ST,,916.8
1070,"55,55A,55B,55C-Academic/DesignAnnex/MathForum/Police Station",101 N 33RD ST,,1018.6
1071,"1,2,3,4-Main,Randell,Curtis,Alumni",3101 CHESTNUT ST,,4394.1
1072,1300 C. B. Moore,1300-22 CECIL B MOORE AVE,,3682.5
1073,WACHMAN HALL,1819 N BROAD ST,,2014.8
1074,"15,16,90-Haggerty/General Service/Law",3300-50 MARKET ST,,1796.3
1075,Barnes Foundation,2025L BENJAMIN FRANKLIN PKWY,,1159.4
1076,Bluemle Life Science Building,951 LOCUST ST,,7242.5
1077,FSU,3340 N BROAD ST,,1504.1
1078,BEURY,1901-59 N 13TH ST,,4331.5
1079,"8,9B,9A,9C- Creese /MacAlister /Mandell / Handschumacher",3250-60 CHESTNUT ST,,2306.2
1080,The Wistar Institute,3601-37 SPRUCE ST,,6900.0
1081,"5,6,12,53,58,61-Quad Buildings",3201 CHESTNUT ST,,7084.9
1082,Jefferson Alumni Hall,1008-34 LOCUST ST,,9225.1
1083,PALEY,1210 W BERKS ST,,2702.5
1084,"7,7A-Bossone / Commonwealth",3126-38 MARKET ST,,2889.5
1085,"14,14A-Daskalakis Athletic Center / Recreation Center",3301 MARKET ST,,2689.7
1086,MERB,3500 N BROAD ST,,13224.1
1087,KRESGE SCIENCE HALL,3432-52 N BROAD ST,,2996.8
1088,TRL 31st Street,125 S 31ST ST,,6633.4
1089,Pearson/Mcgonigle,1800-28 N BROAD ST,,3080.3
1090,GLADFELTER,1115 POLETT WALK,,1977.8
1091,Art Museum Main Bldg & Perelman Bldg,2500 SPRING GARDEN ST,,12854.8
1092,3600 Market St,3600 MARKET ST,,1320.6
1093,Central Library,1901 VINE ST,,2627.7
1094,PODIATRIC - UNIVERSITY,800-20 RACE ST,,1256.1
1095,ANDERSON,1114 POLETT WALK,,1796.1
1096,HUH Main Buildings,222-48 N BROAD ST,,33374.3
1097,JOHNSON,2029 N BROAD ST,,3316.7
1098,BIOLOGY,1900 N 12TH ST,,7513.3
1099,ENGINEERING,1947 N 12TH ST,,2028.9
1100,ANNENBERG and TOMLINSON THEATER,2001-59 N 13TH ST,,1382.2
1101,KORNBERG DENTISTRY,3201-09 N BROAD ST,,2909.7
1102,Academy of Music,240 S BROAD ST,,1333.6
1103,Terra Hall,201-11 S BROAD ST,,2329.7
1104,University of Pennsylvania,501 OSLER CIR,,217326.1
1105,KLEIN,1723-29 N BROAD ST,,2309.4
1106,DENTAL SCHOOL (ORIG),3211-39 N BROAD ST,,4720.8
1107,Science Education and Research Center (SERC),1935 N 12TH ST,,7324.4
1108,PNAH,3307-23 N BROAD ST,,6902.6
1109,1810 LIACOURAS WALK,1810 LIACOURAS WALK,,1916.6
1110,10th & Ludlow,1025-29 CHESTNUT ST,,188.3
1111,Monell Chemical Senses Center,3500-06 MARKET ST,,1246.7
1112,CARNELL HALL,1801-35 N BROAD ST,,832.5
1113,STUDENT CTR II,1713-55 N 13TH ST,,4763.5
1114,PRESSER,2001 N 13TH ST,,864.6
1115,College of Physicians,19 S 22ND ST,,576.8
1116,1940 Residence Hall,1941-53 N BROAD ST,,951.8
1117,Moore College of Art and Design Wilson Hall,1916 RACE ST,,927.3
1118,RITTER ANNEX,1301-43 CECIL B MOORE AVE,,1308.2
1119,12th and Filbert,1201-39 FILBERT ST,,159724.1
1120,BELL BUILDING & GARAGE (Bldg 253000 Garage 84469),1801-33 N 12TH ST,,5728.9
1121,The Phoenix Building,1600 ARCH ST,,2440.6
1122,1618 Chestnut Street,1618-22 CHESTNUT ST,,925.9
1123,Ellington Condominium,1500 CHESTNUT ST,,1696.2
1124,TUTTLEMAN LEARNING CENTER,1801-59 N 13TH ST,,2003.0
1125,PECO MAIN OFFICE BUILDING,2301 MARKET ST,,7281.6
1126,"27,27A-LeBow / CAT Engineering",3100-16 MARKET ST,,1721.6
1127,Center for advance medicine,3400 CIVIC CENTER BLVD,,43349.9
1128,Alter Hall,1801 LIACOURAS WALK,,2043.0
1129,WTXF TV,330 MARKET ST,,1615.0
1130,Academy of Natural Sciences of Drexel University,1900 RACE ST,,1789.8
1131,Scott Memorial Library,1000-28 WALNUT ST,,1637.9
1132,HARDWICK,2000 N BROAD ST,,817.2
1133,8th & filbert,800-08 ARCH ST,,23.7
1134,La Salle #1 (Resid Halls),2006-50 W OLNEY AVE,,787.6
1135,Southern Depot,1934 JOHNSTON ST,,1958.9
1136,Lutheran Theological Seminary of Philadelphia,7241 GERMANTOWN AVE,,835.6
1137,HBG-Holmesburg Prison Complex,8201 TORRESDALE AVE,,910.2
1138,Comly Depot,6000 N PENN ST,,2042.6
1139,Frankford Depot,5208 FRANKFORD AVE,,1421.5
1140,Philadelphia University,3243 W SCHOOL HOUSE LN,,5187.1
1141,Belmont WTP,2701-99 BELMONT AVE,,1490.3
1142,Belmont Behavioral Hospital,4200 MONUMENT RD,,1811.6
1143,Union League of Philadelphia,140 S BROAD ST,,2669.5
1144,Chestnut Hill College/ Mount Saint Josephs Convent,9701 GERMANTOWN AVE,,4852.3
1145,Fox Chase Cancer Center,7701R BURHOLME AVE,,14729.9
1146,Midvale Depot,4301-15 WISSAHICKON AVE,,4044.1
1147,Berridge Shop,200 W WYOMING AVE,,2847.2
1148,HOC-House of Corrections Complex,7801 STATE RD,,5691.1
1149,"440 East 62nd St. Co., LP",401 N BROAD ST,,58162.1
1150,Jeanes Hospital,7500 CENTRAL AVE,,15317.4
1151,Franklin Institute,201 N 21ST ST,,8925.9
1152,Allegheny Depot,2600 W ALLEGHENY AVE,,1725.3
1153,Detention Center,8201 STATE RD,,3473.6
1154,BOYER PKG GAR on Tioga Street,3501-17 N BROAD ST,,349.7
1155,"Measy Clyde & Etal, Paul Shcaly",9101-67 FRANKFORD AVE,,446.8
1156,The Renfrew Center,475 SPRING LN,,352.3
1157,HMS SCHOOL,4400 BALTIMORE AVE,,433.4
1158,PEI-Genesis,2180 HORNIG RD,,16.4
1159,The Arc of Philadelphia,2300 W WESTMORELAND ST,,177.8
1160,Hawthorn Suites Philadelphia Airport,7890 PENROSE AVE,,142.4
1161,PeiGenesis,2180 HORNIG RD,,86.6
1162,St. Peter the Apostle Parish,1001-19 N 5TH ST,,2.4
1163,Tacony,6371 KEYSTONE ST,,58.0
1164,3450 Salmon st,3451 EDGEMONT ST,,110.8
1165,Germantown,6208 GERMANTOWN AVE,,69.7
1166,Mar Vick Bren INC,5101-49 UNRUH AVE,,56.2
1167,TL Tan LLC,3621-31 B ST,,82.1
1168,FTPA Storage Lancaster LLC,5120-34 LANCASTER AVE,,63.7
1169,St. Gabriel Church,1432-48 S 29TH ST,,210.6
1170,Eastern Electrical Liquidators,1511-37 N 26TH ST,,60.8
1171,Fox Chase,1333 RHAWN ST,,63.7
1172,Juniata,4123 G ST,,70.7
1173,Simeone Foundation Automotive Museum,6831 NORWITCH DR,,87.4
1174,Oak Lane,1499 66TH AVE,,62.9
1175,"1325 Associates, LP",1321-25 N 5TH ST,,19.8
1176,Courtland Shop,4529 N 3RD ST,,445.3
1177,OUR LADY OF VICTORY HALL,12645 DUNKS FERRY RD,,42.5
1178,"Tulpehocken Apartments, Inc.",6134 WAYNE AVE,,287.5
1179,FTPA Storage Kensington LLC,3100-36 C ST,,62.3
1180,5627-33 GERMANTOWN AVENUE,5627-33 GERMANTOWN AVE,,13.2
1181,Active Radiator,2101 E VENANGO ST,,289.1
1182,Active Radiator Building 2,2101 E VENANGO ST,,265.6
1183,Eastern Surplus,5825 TACONY ST,,93.5
1184,Walnut Terrace,401-21 W WALNUT LN,,119.1
1185,NATIONAL GREYHOUND ADOPTION PROGRAM,6801 NEW STATE RD,,100.2
1186,Frankford,3300 FRANKFORD AVE,,79.6
1187,1020-1080 N. Delaware Ave.,1020-84 N DELAWARE AVE,,537.0
1188,FTPA Storage Germantown LLC,335 E PRICE ST,,169.6
1189,Metro Storage East LLC-IS,2240 ISLAND AVE,,109.9
1190,Bachmann Industries,1400-18 E ERIE AVE,,183.4
1191,Finishing Trades Institute,2190 HORNIG RD,,205.9
1192,St. Monica Sr. School,2500 S 16TH ST,,176.5
1193,Burgess Center,200-20 W CHELTEN AVE,,138.7
1194,3901 G street,3901-39 G ST,,181.6
1195,Locker Room Self Storage,3700 N 20TH ST,,89.4
1196,HLK GROUP,7133R E ROOSEVELT BLVD,,92.7
1197,PaperWorks Industries Inc,5000 FLAT ROCK RD,,
1198,Gershel Brothers,7500 STATE RD,,111.5
1199,13451 Damar Drive,13451 DAMAR DR,,89.6
1200,VENANGO 101 ASSOCIATES LLC,101-31 E VENANGO ST,,155.6
1201,1300 W. LEHIGH AVENUE,1300-24 W LEHIGH AVE,,87.4
1202,Columbus Blvd. 2055,2055 RICHMOND ST,,113.1
1203,Pier 38 South/40 South,775 S CHRISTOPHER COLUMBUS BLVD,,203.1
1204,"Barsky-Fleming Marketing, Inc.",2070-80 WHEATSHEAF LN,,119.3
1205,castor,1509 E ERIE AVE,,179.4
1206,Temple,1221-25 N BROAD ST,,97.6
1207,Pride Capital LLC,5400 EADOM ST,,104.1
1208,ST. ANSELM PARISH AND SCHOOL,12656 DUNKS FERRY RD,,238.7
1209,A & R Investment,5601-07 TULIP ST,,80.7
1210,PECO G and Luzerne Service Center,4000 G ST,,194.9
1211,National Liberty Museum,321-23 CHESTNUT ST,,168.1
1212,American Box & Recycling Co.,3900 N 10TH ST,,170.8
1213,Midtown Associates LP,1216-18 WALNUT ST,,293.6
1214,ROOSEVELT BOULEVARD ASSOC.,11500 E ROOSEVELT BLVD,,270.0
1215,4015 Walnut Street,4015 WALNUT ST,,323.5
1216,Imani Education Charter School,100-26 W CHELTEN AVE,,233.1
1217,Ralston House,3615-35 CHESTNUT ST,,227.4
1218,Rieder House aka Center Park House,10102 JAMISON AVE,,306.7
1219,"Chestnut Hill College, Sugarloaf Hill",9220-50 GERMANTOWN AVE,,232.0
1220,2701 E Tioga st,2701-25 E TIOGA ST,,294.1
1221,Fleet Shop 258 / WHS,2525-45 MASTER ST,,364.3
1222,Wolf Investment Corp. #7,8701 TORRESDALE AVE,,287.1
1223,"fmi direct mail advertising, inc",2100 KUBACH RD,,253.6
1224,Ray Homes,2101 W VENANGO ST,,152.6
1225,2900-12 N. 17TH STREET,2900-12 N 17TH ST,,129.3
1226,Anthony Wayne Senior Housing,1701 S 28TH ST,,244.6
1227,Northeast Treatment Center,7520 STATE RD,,206.9
1228,Avenue of the Arts,1501 SPRUCE ST,,725.0
1229,St. Monica Church,1700 RITNER ST,,270.0
1230,Ardex Laboratories Inc,2050 BYBERRY RD,,213.0
1231,DUTTON ROAD ASSOC.,10901 DUTTON RD,,244.7
1232,Wolf Investments Corp. #3,8301 TORRESDALE AVE,,275.5
1233,Chelsea Condo,1515 LOCUST ST,,253.4
1234,Goodman Hall,760 S 42ND ST,,243.0
1235,Philadelphia University (Raven Hill Dorms),3480 W SCHOOL HOUSE LN,,431.4
1236,Gershman Hall,401-11 S BROAD ST,,458.3
1237,Burlington Coat Factory,330 OREGON AVE,,308.9
1238,Pine Residence Hall,1500-02 PINE ST,,341.9
1239,"3265 S 61ST ST ""Jerry's Corner""",3265 S 61ST ST,,354.4
1240,Embassy Apartments,2100-02 WALNUT ST,,954.2
1241,2801 RED LION ROAD,2801 RED LION RD,,603.2
1242,Overbrook Campus,6050 OVERBROOK AVE,,374.0
1243,Stevenson Lane Residence,9801 FRANKFORD AVE,,310.5
1244,Methodist Home for Children,4300 MONUMENT RD,,463.3
1245,ROOSEVELT BOULEVARD ASSOC.,1771 TOMLINSON RD,,335.8
1246,4100 Chester / 4101 Woodland Avenue,4116-18 CHESTER AVE,,376.5
1247,Apartments @ 1220,1220-46 N BROAD ST,,2155.1
1248,Masonic Temple,33 N BROAD ST,,1213.5
1249,Science and Technology Center (STC),730 S 43RD ST,,727.7
1250,Overbrook Shop,5307-21 JEFFERSON ST,,1148.0
1251,2701 N. BROAD STREET,2701 N BROAD ST,,672.2
1252,DUMed-1427 Vine Street Building,1427-33 VINE ST,,749.1
1253,PAID Hornig Rd,2198 HORNIG RD,,754.4
1254,Stephen Pang,1030-38 RACE ST,,522.3
1255,TORRESDALE PLAZA LP,8803-35 TORRESDALE AVE,,408.5
1256,7777 Brewster Avenue,7777 BREWSTER AVE,,486.7
1257,S. Walter Packaging,2900 GRANT AVE,,468.1
1258,Lenfest Hall,1610-18 LOCUST ST,,832.3
1259,RIVERVIEW PLAZA 17,1400 S CHRISTOPHER COLUMBUS BLVD,,693.0
1260,Hamilton/Furness,320 S BROAD ST,,1024.9
1261,The Sansom,1605-27 SANSOM ST,,422.3
1262,3501 ISLAND AVE ACQUISITION LLC,3501 ISLAND AVE,,318.2
1263,Allegheny Valley School,9990 VERREE RD,,479.8
1264,4140 Woodland,4140-48 WOODLAND AVE,,289.7
1265,Waste Management of PA - PTS,3605 GRAYS FERRY AVE,,317.1
1266,Richmond Mills LP: 2095,2095 E WILLARD ST,,1165.3
1267,Metals USA,11500 E ROOSEVELT BLVD,,351.0
1268,7400 Holstein Ave.,7400 HOLSTEIN AVE,,367.2
1269,Holy Family Hall,9801 FRANKFORD AVE,,353.5
1270,Devon/Belmont LLC,1300-38 BELMONT AVE,,393.4
1271,La Salle #3 (Connelly Library),2101 W CLARKSON AVE,,471.1
1272,ONTARIO WEST PKG GAR,3301-59 N 15TH ST,,429.5
1273,Sloane Honda,9903 BUSTLETON AVE,,590.7
1274,Fairview Care Center,186 BETHLEHEM PIKE,,709.6
1275,ez storage,7425 STATE RD,,446.0
1276,12 SOUTH 23RD STREET,12-20 S 23RD ST,,608.3
1277,301 E. CHELTEN AVENUE,301-31 E CHELTEN AVE,,483.6
1278,Anderson Hall,329-35 S BROAD ST,,565.2
1279,1425 Arch Street,1419-27 ARCH ST,,468.3
1280,Valmont Towers Condo Assn.,7600 E ROOSEVELT BLVD,,611.5
1281,Moore College of Art and Design Peter Hall,1920-34 RACE ST,,81.2
1282,Chapel Manor,1100 WELSH RD,,754.1
1283,Merriam Theater,250 S BROAD ST,,648.0
1284,JAMES S. WHITE HALL,2112-50 N BROAD ST,,658.9
1285,The Point at Rittenhouse Row,110-16 S 16TH ST,,584.3
1286,The Kinderman Family LP,2900A S 20TH ST,,549.3
1287,Everett Richardson,2800 W CHELTENHAM AVE,,695.2
1288,Peirce College,1420-34 PINE ST,,625.7
1289,"KRG Enterprises, Inc.",9901 BLUE GRASS RD,,745.5
1290,81-3201 Arch Street,3201-21 ARCH ST,,447.0
1291,Cobbs Creek Rec Center & Ice Rink,12 COBBS CREEK PKWY,,469.8
1292,Historic Landmark Building,118-26 N BROAD ST,,632.6
1293,401-425 E Hunting Park Ave,401-21 E HUNTING PARK AVE,,1492.1
1294,Fairmont Hospital,561 FAIRTHORNE ST,,637.5
1295,La Salle #2 (Katherine's and B&G),2006-50 W OLNEY AVE,,769.2
1296,NE Reg Library/ Health Center #10,2230 COTTMAN AVE,,731.6
1297,#61 Philadelphia,10080 SANDMEYER LN,,1656.4
1298,1200 E. Erie Avenue,1200 E ERIE AVE,,566.9
1299,Walnut Square Partners,201 S 13TH ST,,484.8
1300,Spruce Residence Hall,1224-34 SPRUCE ST,,504.9
1301,1700 N. BROAD,1700-22 N BROAD ST,,609.0
1302,Campus Center,9801 FRANKFORD AVE,,560.9
1303,Woodland Shop,4901 WOODLAND AVE,,1273.0
1304,DUMed-219 North Broad St,219-25 N BROAD ST,,606.3
1305,ECEC,1710-50 N 15TH ST,,902.4
1306,St. Francis Xavier Church,2319-31 GREEN ST,,85.7
1307,Philadelphia University (Ronson Dorms),3464 W SCHOOL HOUSE LN,,344.9
1308,Fleet Shop 134,100 E HUNTING PARK AVE,,677.6
1309,RICHMOND WATERFRONT INDUSTRIAL PARK,2950 KIRKBRIDE ST,,464.5
1310,New Covenant Church of Philadelphia,7406 GERMANTOWN AVE,,1915.6
1311,8350 Executive Drive Associates,8350 EXECUTIVE AVE,,664.1
1312,AJAX Building,1000-52 FRANKFORD AVE,,1208.5
1313,L02504 - 1200 Intrepid Ave,1200 INTREPID AVE,,269.2
1314,Salvation Army Divisional Headquarters,701-15 N BROAD ST,,826.5
1315,JBJ Soul Homes (Fairmount Gardens),1415 FAIRMOUNT AVE,,5855.7
1316,Bourse Garage,400 RANSTEAD ST,,157.5
1317,Sacred Heart Home,1315 W HUNTING PARK AVE,,234.4
1318,435110 - Avenue of the Arts (The Griffin) (Whole Building Data),1338-48 CHESTNUT ST,,1354.4
1319,1430 Walnut Street,1430 WALNUT ST,,1431.4
1320,La Salle #4,1924 W OLNEY AVE,,6039.3
1321,Logan Plaza,5201 OLD YORK RD,,1650.1
1322,Northeast Racquet Club - NERC,1520 GRANT AVE,,973.8
1323,287-West Philadelphia,4700 JEFFERSON ST,,1884.7
1324,Wesley Enhanced Living At Stapeley,6300 GREENE ST,,1524.0
1325,Griffith Hall,4201-47 WOODLAND AVE,,1776.5
1326,Ottens Flavors,7800 HOLSTEIN AVE,,977.4
1327,Robert Saligman Apts_Saligman North fka Holiday House,8900 E ROOSEVELT BLVD,,984.2
1328,2828 Charter Rd.,2828 CHARTER RD,,1072.4
1329,Penn Warwick Garage,1708-16 CHANCELLOR ST,,37.0
1330,700 PACKER AVENUE,700 PACKER AVE,,657.8
1331,La Salle #5 (Hayman/Gola),2140 COTTAGE LN,,1173.4
1332,"Treeco Manor, LP",1330-36 CHESTNUT ST,,654.4
1333,Computer Components Corp,2751 SOUTHAMPTON RD,,1115.2
1334,Dungan Facility,7700 DUNGAN RD,,1701.3
1335,833 Chestnut,819-41 CHESTNUT ST,,8551.2
1336,Lannett Company Inc,9001 TORRESDALE AVE,,1697.3
1337,La Salle #6,625-35 E WISTER ST,,5553.3
1338,Falls Center,3300 HENRY AVE,,3730.6
1339,DUMed-Queen Lane Campus,2900 W QUEEN LN,,4763.8
1340,Globe Development group,4520-40 WORTH ST,,275.7
1341,jerusalem,5691 RISING SUN AVE,,169.3
1342,The Shops at Liberty Place,1625 CHESTNUT ST,,3675.6
1343,Pathmark Store 6532,2815 GRAYS FERRY AVE,,2308.7
1344,U-Haul Moving and Storage of Philadelphia,314-22 N 13TH ST,,425.8
1345,Samuel Tabas Apartments fka Federation Apartments,2101 STRAHLE ST,,1221.2
1346,BARTASH PRINTING,5400 GRAYS AVE,,2086.2
1347,U-Haul Moving and Storage of South Philadelphia (1135),1135 WASHINGTON AVE,,235.3
1348,U-Haul Moving and Storage of South Philadelphia (1201-21),1201-21 WASHINGTON AVE,,220.3
1349,Manayunk Self Storage,116 FOUNTAIN ST,,121.8
1350,CubeSmart - Mayfair Street,777 MAYFAIR ST,,98.5
1351,Kimmel Center for the Performing Arts,300-18 S BROAD ST,,4288.7
1352,Deer Meadows,8301 E ROOSEVELT BLVD,,2217.4
1353,Philadelphia College of Osteopathic Medicine,4182-90 CITY AVE,,6613.3
1354,Columbus Blvd. 2055,2055 RICHMOND ST,,91.0
1355,Samuel MV Hamilton Building,130-40 N BROAD ST,,2583.7
1356,U-Haul Moving & Storage At Quartermaster Plaza 808028,2990 S 20TH ST,,100.3
1357,PA Convention Center Annex,111 N BROAD ST,,1671.9
1358,123 S. Broad,123-51 S BROAD ST,,6838.3
1359,Parkway Building,146 N BROAD ST,,850.3
1360,Parkwood Shopping Center,12301-75 ACADEMY RD,,1155.1
1361,Ephraim Goldstein Apartments aka Shalom/Arbor,12001-09 BUSTLETON AVE,,990.6
1362,The Point at City Line,6100 CITY AVE,,1478.4
1363,Exhibit Hall && Train Shed Bldg,1201 ARCH ST,,6808.3
1364,Northeast Shopping Center-Burlington Coat Factory,9173-75 E ROOSEVELT BLVD,,1952.5
1365,Great Northeast Plaza,2201-35 COTTMAN AVE,,2138.1
1366,63636-Philadelphia / Penns Landing,456 N CHRISTOPHER COLUMBUS BLVD,,78.3
1367,Devon Self Storage Oregon,10 OREGON AVE,,115.6
1368,Please Touch Museum,4201 AVENUE OF THE REPUBLIC,,1413.2
1369,Morrell Plaza Shopping Center: Morrell Plaza,9910 FRANKFORD AVE,,1664.7
1370,"Quaker Valley Foods, Inc.",2701 RED LION RD,,4601.3
1371,David Michael and Co Inc,10801 DECATUR RD,,2664.4
1372,Samuels and Son Seafood,3400 S LAWRENCE ST,,1332.2
1373,Constitution Health Plaza,1930 S BROAD ST,,5448.0
1374,Philadelphia Industrial Correction Center,8203 STATE RD,,3413.7
1375,SugarHouse Casino,1001-99 N DELAWARE AVE,,9261.5
1376,1900 Market Street (180),1900 MARKET ST,,3154.2
1377,1500 Spring Garden,1500-30 SPRING GARDEN ST,,18190.6
1378,Callowhill Depot,5801 VINE ST,,2003.0
1379,Hamilton Village,200-32 S 40TH ST,,958.3
1380,Procacci Brothers Sales Corp. B1,3655 S LAWRENCE ST,,1354.2
1381,Esperanza,4231-61 N 5TH ST,,1441.7
1382,The View at Montgomery,1100 W MONTGOMERY AVE,,1948.6
1383,71-URBN Center,3501 MARKET ST,,1401.0
1384,Queen Lane WTP,3325-95 FOX ST,,1788.2
1385,Main Airport Terminal Complex,8500 ESSINGTON AVE,,73877.6
1386,Athletic Recreation Center (ARC),4306-24 WOODLAND AVE,,884.0
1387,Magee Rehabilitation Hospital,1513-41 RACE ST,,1541.3
1388,"20,22-Calhoun & Towers Hall",101 N 34TH ST,,1296.4
1389,Citizens Bank Park,1 CITIZENS BANK WAY,,11542.5
1390,L02152 - Three Crescent Drive,3 CRESCENT DR,,888.8
1391,Curran Fromhold Correctional Facility,7901 STATE RD,,9142.1
1392,Medical Exam Building,501 UNIVERSITY AVE,,1061.7
1393,Juvenile Justice Center - N 48th St (YSC),91 N 48TH ST,,2457.7
1394,Reading Terminal Market,1126-36 ARCH ST,,3551.5
1395,F P Woll & Company,10060-72 SANDMEYER LN,,104.2
1396,NARA,14700 TOWNSEND RD,,1318.3
1397,Grata Data Center,1000 W TABOR RD,,1019.8
1398,Baxter WTP 9001,9201 N DELAWARE AVE,,2531.9
1399,Riverside Correctional Facility,8001 STATE RD,,2122.5
1400,"Urban Outfitters, Inc. - Building #003, 007, 012, 015, 025, 543",1500 KITTY HAWK AVE,,4223.3
1401,Salvation Army Kroc Center,4200 WISSAHICKON AVE,,1931.9
1402,Friends Hospital,4641 E ROOSEVELT BLVD,,3469.0
1403,Bourse Building,111 S INDEPENDENCE MALL E,,1816.5
1404,Orthodox Facility,1100 ORTHODOX ST,,4434.4
1405,5000 PASCHALL AVENUE ASSOCIATES,5000 PASCHALL AVE,,395.5
1406,Allegheny Apts Phase 1 & 2,1900 W ALLEGHENY AVE,,126.3
1407,Westmoreland 2150 LP,2150 E WESTMORELAND ST,,16.0
1408,Building 611,1100 FLAGSHIP DR,,16.3
1409,420 s. Second Street,420-34 S 2ND ST,,2.5
1410,One Franklin Town - Parking Garage,1701 CALLOWHILL ST,,41.3
1411,6000 Woodland Partners LP,6000 WOODLAND AVE,,41.7
1412,Glovis America Inc. Philadelphia,4 OREGON AVE,,50.9
1413,Rittenhouse Parking Garage,2000-04 WALNUT ST,,54.2
1414,164-JUNIPER STREET PARKING GARAGE,101-13 S JUNIPER ST,,44.5
1415,Urban Growth Property,910-32 CHESTNUT ST,,41.8
1416,"Richard Hoffman, LLP",2100 E VENANGO ST,,49.2
1417,Colonial Village Townhomes,8875 RIDGE AVE,,5.5
1418,2709 N. BROAD STREET,2709-11 N BROAD ST,,6.5
1419,"R.B. Hoffman, Inc.",322 W HUNTING PARK AVE,,6.9
1420,JM Auto Spot,3711 SEPVIVA ST,,9.1
1421,"Driscoll Construction Co., Inc.",3901-31 D ST,,38.8
1422,12th & Sansom Parking Garage,123-27 S 12TH ST,,94.0
1423,State 6225 LP,6201 TACONY ST,,106.7
1424,Interpark,1327 LOCUST ST,,66.0
1425,3600 Civic Center Garage,3600 CIVIC CENTER BLVD,,332.4
1426,Pottery,105 N 2ND ST,,37.0
1427,ACCUCORE,101 E LUZERNE ST,,81.4
1428,MidTown Garage,1416-18 CHESTNUT ST,,127.6
1429,Tuttleman Parking Garage,1700 SOUTH ST,,136.5
1430,"Altomare Precast, Inc.",4300 WISSAHICKON AVE,,145.7
1431,Westminster Arch Apartments,2213-25 ARCH ST,,184.6
1432,PreFlight Airport Parking PHL,4700 ISLAND AVE,,253.9
1433,Liberties Lofts,710-20 N 5TH ST,,278.9
1434,Pier 78 South,78 S PIER,,299.4
1435,IBC REC CTR,1449 CECIL B MOORE AVE,,829.3
1436,12th and Walnut,1201-11 WALNUT ST,,256.8
1437,Pier 80 South,10 SNYDER AVE,,258.2
1438,PECO Oregon Shops,2520 S CHRISTOPHER COLUMBUS BLVD,,650.0
1439,Gateway Garage,1500-98 VINE ST,,266.9
1440,GWC/GLC 14130/100 E ARMAT ST/PHILADELPHIA/PA,5540 LENA ST,,348.6
1441,Pier 84,84 S PIER,,302.6
1442,Philadelphia Cricket Club,451 W WILLOW GROVE AVE,,389.1
1443,"Penn Beer Distributors, Inc.",401 DOMINO LN,,446.6
1444,Parametric Garage Associates,1027 FILBERT ST,,492.8
1445,"Charles Jacquin et Cie., Inc.",2601 TRENTON AVE,,405.5
1446,U-Haul Moving and Storage at Roosevelt Blvd,7700-50 E ROOSEVELT BLVD,,126.5
1447,Market Street East,901-37 FILBERT ST,,403.5
1448,Charles Simon Trust,4200 WOODHAVEN RD,,257.6
1449,The Schmidt's Commons,145 W WILDEY ST,,59.9
1450,"Market Square Plaza I , LLC",7700-80 CRITTENDEN ST,,575.6
1451,CS Brewerytown Associates LP,3100 W THOMPSON ST,,190.2
1452,Sherman Mills,3502 SCOTTS LN,,308.0
1453,Franklin Mills Mall,4301 BYBERRY RD,,13314.7
1454,Pacifico Ford,6701-07 ESSINGTON AVE,,246.6
1455,Rising Sun Plaza,5675 RISING SUN AVE,,1527.5
1456,456 N 5th Street,456 N 5TH ST,,328.3
1457,PA0073 - MITSO,500 S 27TH ST,,10178.8
1458,Lincoln Financial Field,3400L S BROAD ST,,4986.1
1459,Center One,9870-80 BUSTLETON AVE,,827.9
1460,3040 Vista Apartment Homes,2801 N 47TH ST,,782.6
1461,Liacouras Center Forum,1724-76 N BROAD ST,,3483.9
1462,Waste Management of PA - Phila MRF & Forge,5245 BLEIGH AVE,,2040.5
1463,1192-Nortech,2000 KUBACH RD,,6128.1
1464,Colonial Penn Life Insurance,399 MARKET ST,,847.7
1465,Lannon/Rashford,5200-30 CITY AVE,,999.3
1466,PepsiCo,11681 E ROOSEVELT BLVD,,3285.3
1467,700 Duncan Building,716-30 SPRUCE ST,,986.5
1468,3300N9 PROPERTIES LLC,3310 N 9TH ST,,0.0
1469,Thompson Building,1020 SANSOM ST,92.0,2577.1
1470,crbuilding,1600-30 WASHINGTON AVE,97.0,128.3
1471,Hagert St Lofts LP,1821-45 E HAGERT ST,,0.0
1472,Gesu School Inc,1734-54 W THOMPSON ST,51.0,330.8
1473,6060 Crescentville Holdings LP,6060 CRESCENTVILLE RD,64.0,795.4
1474,DOA Warehouse,8401 EXECUTIVE AVE,23.0,499.2
1475,Philadelphia Business and Technology Center,5070 PARKSIDE AVE,85.0,1294.6
1476,Tin K. Luu,5697 RISING SUN AVE,86.0,51.4
1477,Wheatsheaf,2121 WHEATSHEAF LN,75.0,287.8
1478,Nazareth Grade School and High School,4001 GRANT AVE,76.0,321.6
1479,Building 22,5101 S 17TH ST,1.0,329.5
1480,59th street,2001 N 59TH ST,93.0,521.9
1481,Torresdale Medical Building,10810 KNIGHTS RD,35.0,574.3
1482,Riverside Mr. Storage,5000R RIDGE AVE,,23.8
1483,618 Market Street,618-34 MARKET ST,,177.7
1484,West Philadelphia Regional Center,4725-31 CHESTNUT ST,,207.5
1485,Richmond Mills LP: 2100,2100 E WILLARD ST,,743.4
1486,Northeast Regional Center,12901 TOWNSEND RD,,1431.4
1487,Devon Self Storage Allegheny,1831-41 W ALLEGHENY AVE,,543.8
1488,Education Technology Center,9801 FRANKFORD AVE,,697.2
1489,U-Haul Moving & Storage of Riverview (808071),8 OREGON AVE,,133.0
1490,Philadelphia Police BRAC - Woodhaven,2838 WOODHAVEN RD,,299.5
1491,CCP Main Campus-East,1600 SPRING GARDEN ST,,3946.1
1492,"CRAMCO, INC. WEIKEL STREET BUILDING",2916 WEIKEL ST,,23.9
1493,Hawks' Landing Parking Facility,2461-83 N 54TH ST,,107.2
1494,Parking Deck 1,317-29 S 8TH ST,,114.5
1495,Wood Street Garage,306-20 N BROAD ST,,513.9
1496,Atelier Storage,1330 N 30TH ST,,262.8
1497,2135 West Moreland Part,2135 E WESTMORELAND ST,,0.0
1498,CubeSmart - Callowhill Street,400-18 N 5TH ST,,
1499,Glendale Uptown Home,7800 BUSTLETON AVE,,
1500,"1735 MARKET STREET - OFFICE, Site # 602850",1735 MARKET ST,,
1501,Greys and Grays LLC,5213 GRAYS AVE,,
1502,Allegheny Business Center,2233-47 W ALLEGHENY AVE,,
1503,The Hub on Chestnut,3943-45 CHESTNUT ST,,
1504,Mandeville Hall (MV),5500 CITY AVE,,
1505,York Nursing & Rehabilitation Center,7107 OLD YORK RD,,
1506,Independence Seaport Museum,211 S CHRISTOPHER COLUMBUS BLVD,,
1507,evo @ Cira Centre South,2930 CHESTNUT ST,,
1508,archdoicese of philadelphia,222 N 17TH ST,,
1509,Northwest Regional Center,1210-16 W GODFREY AVE,,
1510,Gimme Shelter LLC,2127 GILLINGHAM ST,,
1511,Latimer Garage,1511-15 SPRUCE ST,,
1512,CCP Main Campus-West,1700 SPRING GARDEN ST,,
1513,6701 Callowhill St,6701-41 CALLOWHILL ST,,
1514,cathedral ss. peter and paul,209-25 N 18TH ST,,
1515,Calvary Temple Church,3301 S 20TH ST,,
1516,"9250 Ashton Road, Inc.",9250 ASHTON RD,,
1517,2833-Crittenden Avenue,7700-80 CRITTENDEN ST,,
1518,B Street,3039-51 B ST,,
1519,Kingsessing Realty/Renaissance Healthcare,4701-15 KINGSESSING AVE,,
1520,3939 Chestnut Street,3939-41 CHESTNUT ST,,
1521,The Windsor Suites,1700-20 BENJAMIN FRANKLIN PKWY,,
1522,Center for Business & Industry,1751 CALLOWHILL ST,,
1523,Four Points Hotel/Richfield Hosipitality,9455-73 E ROOSEVELT BLVD,,
1524,SPD Electrical,13500 E ROOSEVELT BLVD,,
1525,Cancer Treatment Centers of America,1331 E WYOMING AVE,,
1526,Prime Storage - Aramingo,4415 ARAMINGO AVE,,
1527,Wharton Street Lofts,1148 WHARTON ST,,
1528,Market Street Apatment Associates LLC,726-28 MARKET ST,,
1529,Saint Josephs Prep,1701-33 W GIRARD AVE,,
